Protein_ID,Cytosol,ER,Golgi,Mitochondrion,PM,Plastid,Ribosome,Vacuole,markers,score,pred,FDR,qvalue
AT5G25100,4.177884704859025e-09,1.421096612830297e-06,0.9999809265136719,9.837191505823739e-09,3.39152244066554e-08,1.7698275769362226e-05,4.546465870447491e-09,9.452736371429182e-10,Golgi,0.9999809265136719,Golgi,0.0,0.0
AT2G35610,3.086671895857762e-08,4.454797817743383e-06,0.999854564666748,4.626483871561504e-07,2.527938534058194e-07,0.00014013580221217126,2.4472090132121593e-08,6.092409687852296e-09,Golgi,0.999854564666748,Golgi,0.0,0.0
AT1G11890,3.306097084987414e-08,0.9998534917831421,3.4002712254732614e-06,2.0304904069234908e-07,7.776409620419145e-05,3.915140041499399e-06,6.0379577917046845e-05,7.359088272096415e-07,ER,0.9998534917831421,ER,0.0,0.0
AT3G48930,1.707580736365344e-06,6.754072819603607e-05,9.653725641101119e-08,1.02690883068135e-05,0.00021369467140175402,1.4952419178371201e-06,0.999626874923706,7.825042848708108e-05,Ribosome,0.999626874923706,Ribosome,0.0,0.0
AT3G21190,2.980570101840385e-08,1.086187330656685e-05,0.999593198299408,2.5246279733437405e-07,2.008659265584356e-07,0.0003955462307203561,4.2754344065087935e-08,3.7084859627611877e-09,Golgi,0.999593198299408,Golgi,0.0,0.0
AT3G62830,1.406350406796264e-06,9.11553706828272e-06,0.9994513392448425,4.817933586309664e-06,7.247741109495109e-07,0.0005325061501935124,1.1796178256417988e-07,1.4186605312715983e-07,Golgi,0.9994513392448425,Golgi,0.0,0.0
AT1G31850,5.872262818229501e-07,1.157648966909619e-05,0.9993849992752075,4.6766930950070673e-07,1.8118633704489184e-07,0.000602095271460712,1.1176769731946479e-08,2.4885112637207385e-08,Golgi,0.9993849992752075,Golgi,0.0,0.0
ATCG00120,1.560271266498603e-05,2.669145260369987e-07,4.045691184728639e-06,0.9993574023246765,1.753827018546872e-05,0.0006026918417774141,2.3084169242792996e-06,1.9985562005331303e-07,Plastid,0.9993574023246765,Mitochondrion,0.125,0.047619047619047616
AT4G14880,0.99880051612854,1.0944862879114226e-05,7.367358193732798e-06,9.569893154548481e-05,0.00011329921835567802,0.000900586717762053,2.8751352147082798e-05,4.2760289943544194e-05,Cytosol,0.99880051612854,Cytosol,0.1111111111111111,0.047619047619047616
AT2G36530,0.9985402822494507,7.033380370558007e-06,7.007910880929558e-06,0.00023481780954170972,0.00014376139733940363,0.001025775563903153,1.3797296560369432e-05,2.7531255909707397e-05,Cytosol,0.9985402822494507,Cytosol,0.1,0.047619047619047616
AT4G11220,9.746931937115733e-06,0.9985143542289734,0.0004272093647159636,4.0240064436147804e-07,0.0002917940146289766,0.0007489899871870875,7.383729553112062e-06,1.844666144279472e-07,ER,0.9985143542289734,ER,0.09090909090909091,0.047619047619047616
AT5G18480,5.439580874622152e-08,2.3657685233047232e-05,0.9984329342842102,2.9765171802864643e-06,7.976858000802167e-07,0.0015394423389807343,8.67314824404275e-08,5.976600991886016e-09,Golgi,0.9984329342842102,Golgi,0.08333333333333333,0.047619047619047616
AT3G07480,1.5846995665924624e-05,6.937649459359818e-07,8.319087100971956e-06,0.9981902241706848,9.248214155377354e-06,0.0017712319968268275,4.08569985665963e-06,3.708048552653054e-07,Mitochondrion,0.9981902241706848,Mitochondrion,0.07692307692307693,0.047619047619047616
AT2G01140,0.00038356889854185283,6.930205017852131e-06,1.6177478755707853e-05,0.9980472326278687,0.00015377304225694388,0.0013366865459829569,4.972935130354017e-05,5.968094228592236e-06,Plastid,0.9980472326278687,Mitochondrion,0.14285714285714285,0.047619047619047616
AT1G06890,6.332659268082352e-07,0.00018956454005092382,0.9974633455276489,4.046400135848671e-06,4.952039944328135e-06,0.0023365721572190523,7.41087717415212e-07,7.271242452588922e-08,Golgi,0.9974633455276489,Golgi,0.13333333333333333,0.047619047619047616
AT5G65720,1.8295873815077357e-05,7.428330377479142e-07,2.0893885448458605e-05,0.9970749616622925,2.2507763787871227e-05,0.0028529756236821413,8.796465408522636e-06,8.368975272787793e-07,Mitochondrion,0.9970749616622925,Mitochondrion,0.125,0.047619047619047616
AT3G05280,1.3674766705662478e-06,0.00015024324238765985,0.9955933690071106,1.5782436094013974e-05,7.95358391769696e-06,0.004229703918099403,1.4730073871760396e-06,2.0778310272362432e-07,Golgi,0.9955933690071106,Golgi,0.11764705882352941,0.047619047619047616
AT3G27220,1.1691944564518053e-05,7.353710680035874e-05,0.9951820969581604,6.464418402174488e-05,5.619682269752957e-06,0.004657932091504335,3.4427764603606192e-06,1.032680188473023e-06,Golgi,0.9951820969581604,Golgi,0.1111111111111111,0.047619047619047616
AT5G20350,3.6525407267617993e-06,9.843495354289189e-05,0.995076596736908,3.038572003788431e-06,2.8159918656456284e-05,0.0047891451977193356,2.0980809267712175e-07,7.189028679022158e-07,Golgi,0.995076596736908,Golgi,0.10526315789473684,0.047619047619047616
AT5G66760,0.0005187821225263178,1.966223499039188e-05,0.00018729826842900366,0.994408369064331,0.00021034604287706316,0.004530340898782015,0.00010700356506276876,1.8256288967677392e-05,Mitochondrion,0.994408369064331,Mitochondrion,0.1,0.047619047619047616
AT1G29790,4.537676431937143e-05,0.0005766706308349967,0.9939442276954651,7.260590064106509e-05,0.00012331671314314008,0.005203558132052422,2.4111348466249183e-05,1.006542606774019e-05,Golgi,0.9939442276954651,Golgi,0.09523809523809523,0.047619047619047616
AT2G35010,0.00014959709369577467,3.6193437153997365e-06,2.6451783924130723e-05,0.9912899732589722,6.107566878199577e-05,0.008439518511295319,2.669911555130966e-05,3.0932626486901427e-06,Mitochondrion,0.9912899732589722,Mitochondrion,0.09090909090909091,0.047619047619047616
AT1G07810,1.6152295074789436e-06,0.9899601936340332,0.0001178299353341572,1.4532081422657939e-06,0.009769321419298649,8.889174205251038e-05,4.8663339839549735e-05,1.2127711670473218e-05,ER,0.9899601936340332,ER,0.08695652173913043,0.047619047619047616
AT5G19550,0.9898199439048767,0.0001004395162453875,3.390320489415899e-05,0.0008169678621925414,0.0005630149971693754,0.008515412919223309,1.1488918062241282e-05,0.00013902407954446971,Cytosol,0.9898199439048767,Cytosol,0.08333333333333333,0.047619047619047616
AT1G10950,1.1809700481535401e-05,0.0009670599247328937,0.9897425770759583,3.00656338367844e-05,0.00010794760601129383,0.009137486107647419,1.112327254304546e-06,2.0068478079338092e-06,Golgi,0.9897425770759583,Golgi,0.08,0.047619047619047616
AT4G03560,5.0991493480978534e-05,9.269664587918669e-05,9.617690921004396e-06,9.369188046548516e-05,0.006344209425151348,9.99056501314044e-05,0.0040574525482952595,0.989251434803009,Vacuole,0.989251434803009,Vacuole,0.07692307692307693,0.047619047619047616
AT2G27710,3.412401565583423e-05,0.000735355366487056,8.607241397839971e-06,0.000697075854986906,0.008442657999694347,7.610644388478249e-05,0.9891793727874756,0.0008266845834441483,Ribosome,0.9891793727874756,Ribosome,0.07407407407407407,0.047619047619047616
AT1G51630,2.3703236365690827e-05,0.000123742560390383,0.9879741668701172,0.00014369811106007546,1.3890563423046842e-05,0.011711924336850643,6.559716894116718e-06,2.274530970680644e-06,Golgi,0.9879741668701172,Golgi,0.07142857142857142,0.047619047619047616
AT1G27930,1.1627042113104835e-05,0.0009600945631973445,0.986213207244873,9.780923573998734e-05,4.072142473887652e-05,0.012669593095779419,6.716104508086573e-06,3.438869669025735e-07,Golgi,0.986213207244873,Golgi,0.06896551724137931,0.047619047619047616
AT1G30400,2.9100479878252372e-05,5.6446118833264336e-05,1.6124266039696522e-05,3.868025305564515e-05,0.013740026392042637,3.156628736178391e-05,0.00035466233384795487,0.9857333898544312,Vacuole,0.9857333898544312,Vacuole,0.06666666666666667,0.047619047619047616
AT1G65930,0.9841469526290894,0.0011691777035593987,8.197126589948311e-05,0.0017787446267902851,3.797456520260312e-05,0.012567345052957535,7.237098907353356e-05,0.00014528333849739283,Cytosol,0.9841469526290894,Cytosol,0.06451612903225806,0.047619047619047616
AT2G02040,0.00011247953079873696,0.0011524721048772335,4.728678050014423e-06,2.9408825866994448e-05,0.012480384670197964,7.93919462012127e-05,0.002345943357795477,0.983795166015625,Vacuole,0.983795166015625,Vacuole,0.0625,0.047619047619047616
AT4G37640,7.923864359327126e-06,0.9810601472854614,0.00016576313646510243,8.376255209441297e-06,0.018154317513108253,0.000212548126000911,0.00034505181247368455,4.5936212700325996e-05,ER,0.9810601472854614,ER,0.06060606060606061,0.047619047619047616
AT4G30440,3.914280387107283e-05,0.001769675174728036,0.9804979562759399,0.00016991108714137226,0.0001735291734803468,0.017300933599472046,4.010343036497943e-05,8.82194763107691e-06,Golgi,0.9804979562759399,Golgi,0.058823529411764705,0.047619047619047616
AT3G57330,0.0001626577286515385,0.0002353493619011715,5.935408262303099e-05,0.0003919698065146804,0.014766034670174122,0.0004019575717393309,0.0046719033271074295,0.9793108105659485,Vacuole,0.9793108105659485,Vacuole,0.05714285714285714,0.047619047619047616
AT4G27720,5.818676436319947e-05,0.00017204003233928233,0.9700546860694885,0.0004122550890315324,2.2580130462301895e-05,0.02926739491522312,8.286518095701467e-06,4.4687240006169304e-06,Golgi,0.9700546860694885,Golgi,0.05555555555555555,0.047619047619047616
AT5G05000,0.0010347882052883506,0.0005832755705341697,0.011644331738352776,0.017516952008008957,0.0008248261292465031,0.9682996273040771,5.1148766942787915e-05,4.513036765274592e-05,Plastid,0.9682996273040771,Plastid,0.05405405405405406,0.047619047619047616
AT2G22900,3.721207031048834e-05,0.013047291897237301,0.967003583908081,7.035324415483046e-06,0.0007614708156324923,0.019138280302286148,1.9306628473714227e-06,3.1148492780630477e-06,Golgi,0.967003583908081,Golgi,0.05263157894736842,0.047619047619047616
AT1G70730,0.9649518132209778,0.000524982693605125,6.259043584577739e-05,0.002203156240284443,1.3926247447670903e-05,0.032179977744817734,1.789941597962752e-05,4.559021908789873e-05,Cytosol,0.9649518132209778,Cytosol,0.05128205128205128,0.047619047619047616
AT5G40770,1.5146614714467432e-05,5.5772823543520644e-05,1.1633597750915214e-05,0.9620070457458496,0.00021924586326349527,0.037689365446567535,1.6464865666421247e-06,1.0364824021280583e-07,Mitochondrion,0.9620070457458496,Mitochondrion,0.05,0.047619047619047616
AT3G24830,0.0002013157936744392,0.023073868826031685,1.7303053027717397e-05,0.0011187385534867644,0.009970123879611492,0.000630414579063654,0.9619278311729431,0.003060491755604744,Ribosome,0.9619278311729431,Ribosome,0.04878048780487805,0.047619047619047616
AT3G60750,0.0036166489589959383,0.0011398979695513844,0.0016204399289563298,0.03338534012436867,3.1730032787891105e-05,0.9601856470108032,1.6774487448856235e-05,3.4245201732119313e-06,Plastid,0.9601856470108032,Plastid,0.047619047619047616,0.047619047619047616
AT2G28000,0.0009426347678527236,1.112786412704736e-05,8.253363921539858e-05,0.9594508409500122,0.00024927660706453025,0.039209797978401184,4.4128650188213214e-05,9.761052751855459e-06,Plastid,0.9594508409500122,Mitochondrion,0.06976744186046512,0.057692307692307696
AT3G51550,0.00011743957293219864,0.03173739090561867,0.0006569785182364285,0.000687013438437134,0.9581045508384705,0.001928030396811664,0.0066268970258533955,0.0001416186278220266,PM,0.9581045508384705,PM,0.06818181818181818,0.057692307692307696
AT4G34670,2.9627264666487463e-05,0.003306798404082656,8.660791536385659e-06,9.857471741270274e-05,0.03676169738173485,3.617073525674641e-05,0.9554628133773804,0.004295631777495146,Ribosome,0.9554628133773804,Ribosome,0.06666666666666667,0.057692307692307696
AT5G37510,0.0015416519017890096,7.129736331989989e-05,0.0004063767264597118,0.9546139240264893,0.0004664213629439473,0.04268360137939453,0.0001752751850290224,4.145884304307401e-05,Mitochondrion,0.9546139240264893,Mitochondrion,0.06521739130434782,0.057692307692307696
AT5G39040,5.197388964006677e-05,0.00670955004170537,4.54798600912909e-06,3.336915688123554e-05,0.00021239480702206492,5.826520282425918e-05,0.041770562529563904,0.9511593580245972,Vacuole,0.9511593580245972,Vacuole,0.06382978723404255,0.057692307692307696
AT2G33040,0.0040212045423686504,0.0005914075300097466,0.015366327948868275,0.9484497308731079,0.0018202158389613032,0.027992838993668556,0.0014291113475337625,0.0003291300090495497,Mitochondrion,0.9484497308731079,Mitochondrion,0.0625,0.057692307692307696
AT5G66510,5.889217572985217e-05,6.755357753718272e-05,4.78190413559787e-05,0.9436854720115662,0.0003497669822536409,0.05575551092624664,2.757592301350087e-05,7.450822977261851e-06,Mitochondrion,0.9436854720115662,Mitochondrion,0.061224489795918366,0.057692307692307696
ATCG00500,4.18404488300439e-05,0.00020669595687650144,0.055147502571344376,0.0026943113189190626,6.854602543171495e-05,0.941840410232544,3.730124831236026e-07,3.4993493613910687e-07,Plastid,0.941840410232544,Plastid,0.06,0.057692307692307696
AT1G72750,0.00023021080414764583,1.2879911992058624e-05,3.3257718314416707e-05,0.9414132833480835,0.00015075509145390242,0.05811452120542526,3.805870073847473e-05,7.193974852270912e-06,Mitochondrion,0.9414132833480835,Mitochondrion,0.058823529411764705,0.057692307692307696
AT3G49720,0.0010136989876627922,0.008140644989907742,0.9405950903892517,0.003327603219076991,0.0010140088852494955,0.04563738778233528,0.00010670429765013978,0.00016478919133078307,Golgi,0.9405950903892517,Golgi,0.057692307692307696,0.057692307692307696
AT3G23400,0.0020620182622224092,0.01170718390494585,0.00029385884408839047,0.9327561259269714,0.014430738985538483,0.01470746099948883,0.023527981713414192,0.0005145843024365604,Plastid,0.9327561259269714,Mitochondrion,0.07547169811320754,0.07547169811320754
AT3G47200,0.00020153916557319462,0.9326862096786499,0.0013767089694738388,0.0001525196566944942,0.055161233991384506,0.0018970147939398885,0.0071021332405507565,0.0014225149061530828,PM,0.9326862096786499,ER,0.09259259259259259,0.09090909090909091
AT4G28510,0.0007600106182508171,0.0010185575811192393,0.0013604405103251338,0.9274935722351074,0.0034605353139340878,0.06442410498857498,0.0013875679578632116,9.525720088277012e-05,Mitochondrion,0.9274935722351074,Mitochondrion,0.09090909090909091,0.09090909090909091
AT3G49010,6.787945312680677e-05,0.06070568040013313,0.00014158320846036077,0.0010587929282337427,0.9266191124916077,0.0010097938356921077,0.010294745676219463,0.00010244986333418638,Ribosome,0.9266191124916077,PM,0.10714285714285714,0.10344827586206896
AT1G47420,0.0007799246814101934,0.0004569165757857263,0.00017756556917447597,0.9251599907875061,0.0011046546278521419,0.07204897701740265,0.0002127724583260715,5.9257337852614e-05,Mitochondrion,0.9251599907875061,Mitochondrion,0.10526315789473684,0.10344827586206896
AT2G20360,0.001373400678858161,0.000930112146306783,0.0006788573227822781,0.9245032668113708,0.0021461863070726395,0.06963323801755905,0.0005392607999965549,0.0001956501364475116,Mitochondrion,0.9245032668113708,Mitochondrion,0.10344827586206896,0.10344827586206896
AT3G09260,9.350218169856817e-05,0.03971954435110092,3.3102409361163154e-05,0.0002098811382893473,0.032510172575712204,0.00015753692423459142,0.923416793346405,0.003859500400722027,ER,0.923416793346405,Ribosome,0.11864406779661017,0.109375
AT5G18280,0.0021838604006916285,0.003104786854237318,0.9219204783439636,0.0049163177609443665,0.0003272934991400689,0.06727998703718185,0.00021339651721064,5.38830463483464e-05,Golgi,0.9219204783439636,Golgi,0.11666666666666667,0.109375
AT1G22780,0.00034174168831668794,0.013919154182076454,0.00010110405128216371,0.0005553218652494252,0.050417460501194,0.0005465602152980864,0.9215467572212219,0.0125719103962183,Ribosome,0.9215467572212219,Ribosome,0.11475409836065574,0.109375
AT1G20575,1.6064364899648353e-05,0.9104652404785156,5.1335864554857835e-05,5.948117177467793e-05,0.08623182773590088,0.0002690881956368685,0.002839369000867009,6.763415149180219e-05,ER,0.9104652404785156,ER,0.11290322580645161,0.109375
AT3G04920,0.00018520855519454926,0.07337873429059982,8.626146154711023e-06,0.00030145171331241727,0.015407553873956203,0.00029955594800412655,0.9089144468307495,0.0015042960876598954,Ribosome,0.9089144468307495,Ribosome,0.1111111111111111,0.109375
AT1G08480,0.0013268960174173117,0.0003717589133884758,0.00013185296847950667,0.908141553401947,0.000778550747781992,0.08905346691608429,0.0001521325029898435,4.377043296699412e-05,Mitochondrion,0.908141553401947,Mitochondrion,0.109375,0.109375
AT2G41560,0.001111481455154717,0.06370159238576889,0.0002702771744225174,0.0012988444650545716,0.017198827117681503,0.0015868167392909527,0.9071665406227112,0.00766553683206439,Vacuole,0.9071665406227112,Ribosome,0.12307692307692308,0.11940298507462686
AT5G11770,0.000558453903067857,6.765836587874219e-05,0.0007868180400691926,0.9046164751052856,0.0006047547212801874,0.09332425892353058,3.559280958143063e-05,6.092772764532128e-06,Mitochondrion,0.9046164751052856,Mitochondrion,0.12121212121212122,0.11940298507462686
AT1G76090,1.2998706552025396e-05,0.9037480354309082,4.293606980354525e-05,1.4353883670992218e-05,0.09003542363643646,0.00020038901129737496,0.005910876207053661,3.4863063774537295e-05,ER,0.9037480354309082,ER,0.11940298507462686,0.11940298507462686
AT5G61900,0.001947865355759859,0.9033703804016113,0.008809445425868034,0.002577416831627488,0.05012926459312439,0.016437631100416183,0.016371523961424828,0.00035640268470160663,PM,0.9033703804016113,ER,0.1323529411764706,0.1267605633802817
AT1G72370,0.0015560687752440572,0.007941924966871738,0.000267398456344381,0.003352039959281683,0.0693821981549263,0.0015792285557836294,0.9015808701515198,0.014340236783027649,Ribosome,0.9015808701515198,Ribosome,0.13043478260869565,0.1267605633802817
AT5G17770,7.387331424979493e-05,0.8990129232406616,0.0003224487882107496,4.539390647551045e-05,0.09446793049573898,0.0006892786477692425,0.005282917525619268,0.00010517242481000721,ER,0.8990129232406616,ER,0.12857142857142856,0.1267605633802817
AT4G16450,0.0010745824547484517,8.652453834656626e-05,0.0013922969810664654,0.8989092707633972,0.0003456083359196782,0.09813172370195389,4.642716157832183e-05,1.3614822819363326e-05,Mitochondrion,0.8989092707633972,Mitochondrion,0.1267605633802817,0.1267605633802817
AT5G62740,0.00022699142573401332,0.012288730591535568,2.8362415832816623e-05,0.00011927365994779393,0.0007624161662533879,0.00019738479750230908,0.08770228922367096,0.898674488067627,PM,0.898674488067627,Vacuole,0.1388888888888889,0.1375
AT1G77590,0.00017487570585217327,0.004196046385914087,0.8965693116188049,0.005447492469102144,0.001026817481033504,0.09242572635412216,0.00012398297258187085,3.5729237424675375e-05,Plastid,0.8965693116188049,Golgi,0.1506849315068493,0.1375
AT2G20530,0.0015526253264397383,0.0020035938359797,0.0008746545063331723,0.8922310471534729,0.012083581648766994,0.08483419567346573,0.006056969054043293,0.0003633671731222421,Mitochondrion,0.8922310471534729,Mitochondrion,0.14864864864864866,0.1375
AT5G47120,0.00012308763689361513,0.8895516395568848,0.0005689292447641492,0.0001893755979835987,0.09488165378570557,0.0008893564809113741,0.013184028677642345,0.0006119459285400808,ER,0.8895516395568848,ER,0.14666666666666667,0.1375
AT4G35830,0.8789500594139099,0.011890406720340252,0.00026395206805318594,0.019773250445723534,0.006026555318385363,0.08241221308708191,0.0002523625153116882,0.00043108616955578327,Cytosol,0.8789500594139099,Cytosol,0.14473684210526316,0.1375
AT1G67730,0.0008602396701462567,0.8782464861869812,0.0029599745757877827,0.002196184592321515,0.0493478961288929,0.006839229259639978,0.058871038258075714,0.0006790831685066223,ER,0.8782464861869812,ER,0.14285714285714285,0.1375
AT1G07890,0.8781088590621948,0.004670169670134783,0.00025241763796657324,0.002383550861850381,0.0066493358463048935,0.10678942501544952,0.0002466176520101726,0.0008997100521810353,Cytosol,0.8781088590621948,Cytosol,0.14102564102564102,0.1375
AT5G60620,2.8497752282419242e-05,0.8695606589317322,0.0002509683836251497,3.689750883495435e-05,0.12568940222263336,0.0007809493690729141,0.003442315850406885,0.0002103468868881464,ER,0.8695606589317322,ER,0.13924050632911392,0.1375
AT1G04410,0.8685346245765686,0.004357749130576849,0.00014394993195310235,0.0009858906269073486,0.009286859072744846,0.11603438854217529,0.00010996741912094876,0.0005466149304993451,Cytosol,0.8685346245765686,Cytosol,0.1375,0.1375
AT4G31990,0.8646547198295593,0.00035196481621824205,7.786683272570372e-05,0.009819832630455494,9.757774023455568e-06,0.12504224479198456,1.163236447609961e-05,3.195742829120718e-05,Plastid,0.8646547198295593,Cytosol,0.14814814814814814,0.14814814814814814
AT1G14870,3.5228626074967906e-05,0.8570895791053772,0.00019094937306363136,7.806344365235418e-05,0.13508720695972443,0.0003272235917393118,0.007018170319497585,0.00017357197066303343,PM,0.8570895791053772,ER,0.15853658536585366,0.1487603305785124
AT1G48830,0.00026108737802132964,0.12795105576515198,9.239267455996014e-06,0.0004580788663588464,0.015185127034783363,0.00039942728471942246,0.8477997183799744,0.007936275564134121,Ribosome,0.8477997183799744,Ribosome,0.1566265060240964,0.1487603305785124
AT4G00740,0.00032081225072033703,0.0003990426193922758,0.002793620340526104,0.8445038795471191,0.0005481381085701287,0.1513119637966156,8.803956006886438e-05,3.439412830630317e-05,Golgi,0.8445038795471191,Mitochondrion,0.16666666666666666,0.1487603305785124
AT1G47260,0.0014480272075161338,0.00048212319961749017,0.00035833034780807793,0.8432039618492126,0.0013022716157138348,0.15294332802295685,0.00019144279940519482,7.044398807920516e-05,Mitochondrion,0.8432039618492126,Mitochondrion,0.16470588235294117,0.1487603305785124
AT1G23190,0.84160315990448,0.003850392298772931,0.0001678223634371534,0.0037098315078765154,0.004696532618254423,0.14517048001289368,0.00019741615687962621,0.0006044838228262961,Cytosol,0.84160315990448,Cytosol,0.16279069767441862,0.1487603305785124
AT1G32400,0.0006482083117589355,0.010154107585549355,0.00012501186574809253,0.0003656859043985605,0.13335758447647095,0.000762144394684583,0.015005038119852543,0.8395822644233704,Vacuole,0.8395822644233704,Vacuole,0.16091954022988506,0.1487603305785124
AT3G54960,5.358762064133771e-05,0.8392742276191711,0.0006488618673756719,5.6916735047707334e-05,0.1564590334892273,0.000743289478123188,0.0024958807043731213,0.0002681779151316732,ER,0.8392742276191711,ER,0.1590909090909091,0.1487603305785124
AT2G47510,0.0014053897466510534,7.382791955024004e-05,0.000607463123742491,0.8357499837875366,0.00018140887550543994,0.16197194159030914,7.238894795591477e-06,2.8165109142719302e-06,Mitochondrion,0.8357499837875366,Mitochondrion,0.15730337078651685,0.1487603305785124
AT5G52840,0.001001231255941093,0.002646922366693616,0.0004694334929808974,0.8335720896720886,0.0113443061709404,0.15060067176818848,0.00031099942862056196,5.429989687399939e-05,Mitochondrion,0.8335720896720886,Mitochondrion,0.15555555555555556,0.1487603305785124
AT4G32150,6.235503678908572e-05,0.013670596294105053,3.6965579965908546e-06,5.7837023632600904e-05,0.0006219178321771324,6.789133476559073e-05,0.15653976798057556,0.8289759159088135,Vacuole,0.8289759159088135,Vacuole,0.15384615384615385,0.1487603305785124
AT3G52300,0.0020973708014935255,0.16910019516944885,0.0007367837824858725,0.0003281576791778207,0.00038669558125548065,0.8273477554321289,2.5226795514754485e-06,4.5109996449355094e-07,Mitochondrion,0.8273477554321289,Plastid,0.16304347826086957,0.1487603305785124
AT3G17820,0.825702965259552,0.0132875582203269,0.0003540136676747352,0.0378277413547039,0.007294680457562208,0.11503234505653381,0.00023972867347765714,0.00026099273236468434,Cytosol,0.825702965259552,Cytosol,0.16129032258064516,0.1487603305785124
AT3G55360,0.00011186864867340773,0.8243094086647034,0.001376843312755227,0.00036946413456462324,0.13957057893276215,0.0019405828788876534,0.032210297882556915,0.00011099944822490215,ER,0.8243094086647034,ER,0.1595744680851064,0.1487603305785124
AT2G45290,0.8232343196868896,6.486316851805896e-05,0.00014521257253363729,0.0033705171663314104,0.0005724132643081248,0.17251667380332947,7.176135113695636e-06,8.879062079358846e-05,Plastid,0.8232343196868896,Cytosol,0.16842105263157894,0.1487603305785124
AT5G17920,0.8191080093383789,0.0001272689551115036,0.00020270003005862236,0.1514274775981903,0.0019473385764285922,0.026048175990581512,0.0007631697226315737,0.00037592786247842014,Cytosol,0.8191080093383789,Cytosol,0.16666666666666666,0.1487603305785124
AT2G25110,7.601099787279963e-05,0.8168202042579651,3.983118949690834e-05,1.4702655789733399e-05,0.17650173604488373,0.00038954781484790146,0.005968613550066948,0.0001893190637929365,ER,0.8168202042579651,ER,0.16494845360824742,0.1487603305785124
AT2G03120,0.000691761786583811,0.8146415948867798,0.00443749176338315,0.001131218858063221,0.1512017697095871,0.005644164979457855,0.021384047344326973,0.0008680241298861802,ER,0.8146415948867798,ER,0.16326530612244897,0.1487603305785124
AT1G06950,0.11693868041038513,0.0033033578656613827,0.005822185892611742,0.05361347645521164,0.005950421094894409,0.8132819533348083,0.0003631324216257781,0.0007267678738571703,Plastid,0.8132819533348083,Plastid,0.16161616161616163,0.1487603305785124
AT2G45140,4.328033173806034e-05,0.8110018968582153,0.0001943456009030342,0.00012633725418709219,0.1790085881948471,0.0004547841672319919,0.009076356887817383,9.442643204238266e-05,ER,0.8110018968582153,ER,0.16,0.1487603305785124
AT1G11680,4.745043770526536e-05,0.8106738924980164,0.0014037570217624307,0.00012488952779676765,0.18460826575756073,0.0007994553307071328,0.0022403323091566563,0.00010182081314269453,ER,0.8106738924980164,ER,0.15841584158415842,0.1487603305785124
AT2G20800,0.8081276416778564,0.010698551312088966,5.392708408180624e-05,0.0026431558653712273,0.11255151778459549,0.059787049889564514,0.0015134729910641909,0.004624642431735992,Mitochondrion,0.8081276416778564,Cytosol,0.16666666666666666,0.1487603305785124
AT2G29960,4.007000825367868e-05,0.8006917238235474,0.0002370984439039603,8.697403245605528e-05,0.19132547080516815,0.00035609022597782314,0.007099660579115152,0.00016280858835671097,ER,0.8006917238235474,ER,0.1650485436893204,0.1487603305785124
AT4G23430,4.6055662096478045e-05,0.1957453489303589,0.000993180787190795,0.00025002218899317086,0.7998014092445374,0.0010693566873669624,0.0020535974763333797,4.0999882912728935e-05,Plastid,0.7998014092445374,PM,0.17307692307692307,0.1487603305785124
AT2G16570,0.0024628012906759977,1.2724295629595872e-05,4.726941551780328e-05,0.1974920630455017,0.000218769462662749,0.7997444868087769,1.1487595656944904e-05,1.0361030035710428e-05,Plastid,0.7997444868087769,Plastid,0.17142857142857143,0.1487603305785124
AT4G03550,0.004429691005498171,0.12858431041240692,0.009608454070985317,0.010207521729171276,0.7913439869880676,0.021114366129040718,0.03255108371376991,0.002160535426810384,PM,0.7913439869880676,PM,0.16981132075471697,0.1487603305785124
AT1G02780,0.00029515105416066945,0.09823448956012726,1.5369329048553482e-05,0.0004919660859741271,0.0101968664675951,0.00045378439244814217,0.7907347083091736,0.0995776429772377,Ribosome,0.7907347083091736,Ribosome,0.16822429906542055,0.1487603305785124
AT1G51980,0.008540413342416286,0.0007341013988479972,0.0016996458871290088,0.78914874792099,0.0021300564985722303,0.1971849501132965,0.00035362871130928397,0.00020845736435148865,Mitochondrion,0.78914874792099,Mitochondrion,0.16666666666666666,0.1487603305785124
AT4G02580,0.0039033894427120686,0.0007395081338472664,0.004543405491858721,0.7836560606956482,0.000344061671057716,0.20633269846439362,0.0003047569189220667,0.0001762074389262125,Mitochondrion,0.7836560606956482,Mitochondrion,0.1651376146788991,0.1487603305785124
AT2G21410,0.0031979652121663094,0.009592047892510891,0.0006277598440647125,0.0009852714138105512,0.1738136261701584,0.00151280895806849,0.027704525738954544,0.7825659513473511,Vacuole,0.7825659513473511,Vacuole,0.16363636363636364,0.1487603305785124
AT2G47470,0.00011376266775187105,0.778211236000061,0.0002276168088428676,0.00031203971593640745,0.18742558360099792,0.0010146689601242542,0.032375164330005646,0.0003199668135493994,ER,0.778211236000061,ER,0.16216216216216217,0.1487603305785124
AT5G08530,0.0017185464967042208,0.0008721795747987926,0.03442150726914406,0.7763946652412415,0.0012058683205395937,0.18506386876106262,0.0002596218546386808,6.37568227830343e-05,Mitochondrion,0.7763946652412415,Mitochondrion,0.16071428571428573,0.1487603305785124
AT1G03860,0.001130277174524963,0.002157271606847644,0.004028629045933485,0.7700911164283752,0.003516680561006069,0.2181030660867691,0.0008475256036035717,0.00012546674406621605,Mitochondrion,0.7700911164283752,Mitochondrion,0.1592920353982301,0.1487603305785124
AT2G44610,0.0019953774753957987,0.10168077051639557,0.7676303386688232,0.00289101037196815,0.0190125722438097,0.104825958609581,0.0011028220178559422,0.0008611726807430387,Golgi,0.7676303386688232,Golgi,0.15789473684210525,0.1487603305785124
AT3G62600,3.654537067632191e-05,0.7673726081848145,6.549178942805156e-05,0.00022264031576924026,0.22949126362800598,0.0022516679018735886,0.000541532994247973,1.8279508367413655e-05,ER,0.7673726081848145,ER,0.1565217391304348,0.1487603305785124
AT1G09210,0.00011582445586100221,0.7663170695304871,0.0012708138674497604,0.00014821776130702347,0.2262156456708908,0.0018977102590724826,0.0036685022059828043,0.0003661734808702022,ER,0.7663170695304871,ER,0.15517241379310345,0.1487603305785124
AT4G34640,0.00025355530669912696,0.7654557824134827,0.0003443696768954396,0.0005301977507770061,0.21296393871307373,0.0021063468884676695,0.017901040613651276,0.00044474759488366544,ER,0.7654557824134827,ER,0.15384615384615385,0.1487603305785124
AT3G01280,0.0022246793378144503,0.0002450477331876755,0.004836379550397396,0.7635144591331482,0.0003902386233676225,0.2287401556968689,3.494190241326578e-05,1.417929343006108e-05,Mitochondrion,0.7635144591331482,Mitochondrion,0.15254237288135594,0.1487603305785124
AT4G36480,0.0005833405302837491,0.760642945766449,0.002590783406049013,0.001157204038463533,0.19189447164535522,0.004136151168495417,0.03784464672207832,0.0011504378635436296,ER,0.760642945766449,ER,0.15126050420168066,0.1487603305785124
AT1G80600,0.1447152942419052,0.00032415869645774364,0.00022192559845279902,0.10069530457258224,1.5224724847939797e-05,0.7539960741996765,1.2719096957880538e-05,1.9337790945428424e-05,Plastid,0.7539960741996765,Plastid,0.15,0.1487603305785124
AT1G67490,0.00027127526118420064,0.7453208565711975,0.0013557116035372019,0.0003726936411112547,0.23842306435108185,0.0023492046166211367,0.01124225091189146,0.0006648853304795921,ER,0.7453208565711975,ER,0.1487603305785124,0.1487603305785124
AT2G43950,0.00010651584307197481,0.003307752078399062,0.7440041303634644,0.002820936031639576,0.0011921070981770754,0.24853600561618805,2.2073405489209108e-05,1.0399944585515186e-05,Plastid,0.7440041303634644,Golgi,0.1557377049180328,0.1557377049180328
AT5G20720,0.0018218827899545431,0.0003093517734669149,0.0003822644939646125,0.743410050868988,0.0006158493924885988,0.2533439099788666,8.09858029242605e-05,3.5702381865121424e-05,Plastid,0.743410050868988,Mitochondrion,0.16260162601626016,0.15873015873015872
AT3G04840,0.0014697653241455555,0.050688233226537704,0.000712715438567102,0.002262592315673828,0.08504770696163177,0.002529058139771223,0.7432886958122253,0.11400123685598373,Ribosome,0.7432886958122253,Ribosome,0.16129032258064516,0.15873015873015872
AT1G53000,0.0033996885176748037,0.0004391889669932425,0.002564819995313883,0.74217689037323,0.00016651175974402577,0.2510465383529663,0.00014784460654482245,5.86045061936602e-05,Mitochondrion,0.74217689037323,Mitochondrion,0.16,0.15873015873015872
AT5G23630,0.0007814831915311515,0.7408682703971863,0.003229300258681178,0.0012994714779779315,0.18510304391384125,0.004783559590578079,0.06238720938563347,0.0015476911794394255,ER,0.7408682703971863,ER,0.15873015873015872,0.15873015873015872
AT2G26250,0.010898631997406483,0.003446500049903989,0.0008325478993356228,0.7385831475257874,0.196830153465271,0.038513049483299255,0.010752671398222446,0.00014325180382002145,ER,0.7385831475257874,Mitochondrion,0.16535433070866143,0.16535433070866143
AT1G78920,0.005778930615633726,0.004072926472872496,0.09934461116790771,0.14953041076660156,0.0037473568227142096,0.736659824848175,0.0005733307916671038,0.00029255167464725673,Golgi,0.736659824848175,Plastid,0.171875,0.171875
AT4G32130,7.708174962317571e-05,0.22036634385585785,0.001633996143937111,0.00027685181703418493,0.7316288352012634,0.045790862292051315,0.00017113600915763527,5.5010037613101304e-05,ER,0.7316288352012634,PM,0.17829457364341086,0.17829457364341086
AT1G77940,0.00011789174459408969,0.731059193611145,0.0009062375174835324,6.449346983572468e-05,0.26482442021369934,0.0019819403532892466,0.0009554729331284761,9.024379687616602e-05,Ribosome,0.731059193611145,ER,0.18461538461538463,0.18064516129032257
AT3G11820,2.1805371943628415e-05,0.26517173647880554,0.000751651416067034,0.0001193144271383062,0.7302942276000977,0.0009441011352464557,0.0026230060029774904,7.416813605232164e-05,PM,0.7302942276000977,PM,0.183206106870229,0.18064516129032257
AT5G14950,0.0008221616735681891,0.003010788932442665,0.1253187656402588,0.13987675309181213,0.001462126849219203,0.7293176651000977,0.00013427283556666225,5.745897942688316e-05,Golgi,0.7293176651000977,Plastid,0.1893939393939394,0.18064516129032257
AT3G62720,5.961537226539804e-06,0.022338515147566795,0.7281975746154785,8.846372111293022e-06,8.621373126516119e-05,0.2493620067834854,4.4177139102430374e-07,5.10348115767556e-07,Golgi,0.7281975746154785,Golgi,0.18796992481203006,0.18064516129032257
AT2G37170,0.0006164737860672176,0.09812094271183014,0.0011773095466196537,0.0014940707478672266,0.15948669612407684,0.001838926924392581,0.7279426455497742,0.009322958067059517,PM,0.7279426455497742,Ribosome,0.19402985074626866,0.18064516129032257
AT1G54990,0.0008794151362963021,0.7252380847930908,0.0037603166420012712,0.0025538410991430283,0.23241882026195526,0.009840757586061954,0.02458331175148487,0.0007253995281644166,ER,0.7252380847930908,ER,0.1925925925925926,0.18064516129032257
AT4G39080,0.001048928708769381,0.013374045491218567,0.00042154017137363553,0.0005669003585353494,0.25374308228492737,0.0017300642793998122,0.005658147390931845,0.7234572768211365,Vacuole,0.7234572768211365,Vacuole,0.19117647058823528,0.18064516129032257
AT4G20260,0.00011839847866212949,0.7191909551620483,0.00116455159150064,0.00019853824051097035,0.2728666067123413,0.00214421097189188,0.00398688018321991,0.00032978702802211046,PM,0.7191909551620483,ER,0.19708029197080293,0.18064516129032257
AT5G02870,0.0006722258985973895,0.14835041761398315,0.00017528687021695077,0.0006495620473288,0.10396599769592285,0.000824308895971626,0.7130157351493835,0.03234641253948212,Ribosome,0.7130157351493835,Ribosome,0.1956521739130435,0.18064516129032257
AT5G60730,0.0003006837796419859,4.229244950693101e-05,0.00038258745917119086,0.7120301723480225,9.418245099368505e-06,0.2872266173362732,5.718286502087722e-06,2.6396808152640006e-06,Mitochondrion,0.7120301723480225,Mitochondrion,0.19424460431654678,0.18064516129032257
AT1G18540,0.0001399801258230582,0.04443559795618057,0.0001040866191033274,0.0066650197841227055,0.23477192223072052,0.0012140965554863214,0.7116209268569946,0.0010483802761882544,Ribosome,0.7116209268569946,Ribosome,0.19285714285714287,0.18064516129032257
AT1G79230,0.004356297664344311,0.0002927012392319739,0.0021908024791628122,0.7111925482749939,9.340482210973278e-05,0.2817424535751343,7.297380216186866e-05,5.874686758033931e-05,Mitochondrion,0.7111925482749939,Mitochondrion,0.19148936170212766,0.18064516129032257
AT5G26030,0.03965407982468605,0.026857668533921242,0.053123097866773605,0.12058161944150925,0.0437326617538929,0.7109593749046326,0.0023308780509978533,0.002760667819529772,Plastid,0.7109593749046326,Plastid,0.19014084507042253,0.18064516129032257
AT1G08450,0.00031653305632062256,0.7092983722686768,0.0006401825230568647,0.0005440996028482914,0.22870410978794098,0.0012106471695005894,0.057240888476371765,0.002045092638581991,ER,0.7092983722686768,ER,0.1888111888111888,0.18064516129032257
AT5G67590,0.0009469706565141678,0.0004317623970564455,0.010007189586758614,0.7029672861099243,0.0005008936859667301,0.2851112186908722,2.5897097657434642e-05,8.695951692061499e-06,Mitochondrion,0.7029672861099243,Mitochondrion,0.1875,0.18064516129032257
AT2G42210,0.022641504183411598,0.004615446552634239,0.008317891508340836,0.7019942402839661,0.0007392842089757323,0.2603548467159271,0.0008871016907505691,0.00044962362153455615,Mitochondrion,0.7019942402839661,Mitochondrion,0.18620689655172415,0.18064516129032257
AT2G18020,0.000460794020909816,0.186615988612175,0.0008367604459635913,0.0011515594087541103,0.6941058039665222,0.0015562940388917923,0.11377891153097153,0.0014938421081751585,Ribosome,0.6941058039665222,PM,0.1917808219178082,0.18064516129032257
AT5G57490,0.0001457684556953609,6.239319918677211e-05,0.0015524616464972496,0.6913923025131226,0.00022284405713435262,0.3066072165966034,1.0763415957626421e-05,6.158304586278973e-06,Mitochondrion,0.6913923025131226,Mitochondrion,0.19047619047619047,0.18064516129032257
AT5G13450,0.00794324278831482,0.0037137242034077644,0.015164353884756565,0.6839345097541809,0.001935566426254809,0.2856438159942627,0.0010853800922632217,0.0005794769385829568,Mitochondrion,0.6839345097541809,Mitochondrion,0.1891891891891892,0.18064516129032257
AT3G03050,0.0002127943589584902,0.0019565471448004246,0.6832294464111328,0.0007410951657220721,0.00039373626350425184,0.31344398856163025,5.485508154379204e-06,1.696415893093217e-05,Golgi,0.6832294464111328,Golgi,0.18791946308724833,0.18064516129032257
AT3G60600,0.0001707842602627352,0.6830345392227173,0.00045117823174223304,0.00023582112044095993,0.28975680470466614,0.001043918076902628,0.024700017645955086,0.0006070351810194552,ER,0.6830345392227173,ER,0.18666666666666668,0.18064516129032257
AT1G04480,0.0006794225773774087,0.22736060619354248,6.484310142695904e-05,0.0012583746574819088,0.050687529146671295,0.0012378261890262365,0.6777093410491943,0.041002050042152405,Ribosome,0.6777093410491943,Ribosome,0.18543046357615894,0.18064516129032257
AT4G12420,0.0005762465298175812,0.22959889471530914,0.0009515215642750263,0.0013357446296140552,0.6768931746482849,0.002041596220806241,0.08704435080289841,0.0015584554057568312,PM,0.6768931746482849,PM,0.18421052631578946,0.18064516129032257
AT3G52190,2.3070311726769432e-05,0.6751518249511719,2.2156498744152486e-05,2.8133536034147255e-05,0.28032931685447693,0.00015631792484782636,0.04401615634560585,0.0002730144769884646,ER,0.6751518249511719,ER,0.1830065359477124,0.18064516129032257
AT4G05020,0.016880357638001442,0.0029376873280853033,0.017532186582684517,0.6696953177452087,0.0015382834244519472,0.2888951301574707,0.0013694902881979942,0.001151569653302431,Mitochondrion,0.6696953177452087,Mitochondrion,0.18181818181818182,0.18064516129032257
AT5G10360,0.0020421401131898165,0.03395061194896698,0.0008327474351972342,0.004141496494412422,0.16525639593601227,0.003563495585694909,0.6664817333221436,0.12373149394989014,Ribosome,0.6664817333221436,Ribosome,0.18064516129032257,0.18064516129032257
AT4G35630,0.0015479775611311197,8.12238286016509e-05,0.000796885637100786,0.6647459268569946,0.00017391702567692846,0.33264806866645813,4.130554316361668e-06,1.8786951159199816e-06,Plastid,0.6647459268569946,Mitochondrion,0.1858974358974359,0.1858974358974359
AT4G01320,0.0001383944327244535,0.31897813081741333,0.0006834938540123403,0.00036545839975588024,0.6627313494682312,0.0017940487014129758,0.014316054061055183,0.0009931944077834487,ER,0.6627313494682312,PM,0.1910828025477707,0.18592964824120603
AT2G40190,0.00019154686015099287,0.6612717509269714,0.00023950380273163319,0.0003513788105919957,0.23877398669719696,0.0010623058769851923,0.0973241776227951,0.0007852945127524436,ER,0.6612717509269714,ER,0.189873417721519,0.18592964824120603
AT4G23630,0.008441202342510223,0.19674620032310486,0.0019279445987194777,0.005368249490857124,0.06388591229915619,0.009336174465715885,0.6604517698287964,0.053842488676309586,ER,0.6604517698287964,Ribosome,0.1949685534591195,0.18592964824120603
AT4G02510,0.0041986871510744095,0.0019092760048806667,0.012519242241978645,0.32257482409477234,0.003676747437566519,0.6547589302062988,0.00021320872474461794,0.00014903713599778712,Plastid,0.6547589302062988,Plastid,0.19375,0.18592964824120603
AT5G01500,0.03965190425515175,0.1155623346567154,0.07534067332744598,0.06706412881612778,0.04901477321982384,0.6504887342453003,0.0019257018575444818,0.0009517299477010965,Plastid,0.6504887342453003,Plastid,0.19254658385093168,0.18592964824120603
AT1G19360,0.0008064481080509722,0.007396521046757698,0.6504793763160706,0.007805215660482645,0.0023931076284497976,0.330975204706192,0.00010085048415930942,4.322114909882657e-05,Golgi,0.6504793763160706,Golgi,0.19135802469135801,0.18592964824120603
AT5G45420,0.00012900294677820057,0.3415655493736267,0.0011464512208476663,0.0004887966788373888,0.6482415199279785,0.0030811515171080828,0.005086659919470549,0.0002608748327475041,ER,0.6482415199279785,PM,0.19631901840490798,0.18592964824120603
AT5G48810,0.00010848575038835406,0.6434401273727417,0.00048668350791558623,0.0003032218664884567,0.3386886417865753,0.0009332051267847419,0.01574072800576687,0.00029894118779338896,ER,0.6434401273727417,ER,0.1951219512195122,0.18592964824120603
AT5G03290,0.004427455831319094,0.0004064138629473746,0.001358148641884327,0.6413290500640869,0.0008883873233571649,0.3514244556427002,9.394696826348081e-05,7.211452611954883e-05,Mitochondrion,0.6413290500640869,Mitochondrion,0.19393939393939394,0.18592964824120603
AT3G51460,0.0031559013295918703,0.17194829881191254,0.10939628630876541,0.0015679639764130116,0.639382541179657,0.00972057320177555,0.06232538819313049,0.0025030055548995733,ER,0.639382541179657,PM,0.19879518072289157,0.18592964824120603
AT1G56340,4.309304495109245e-05,0.6381087899208069,0.0006997711025178432,0.00011101411655545235,0.34995684027671814,0.0008776133763603866,0.009990694932639599,0.00021221156930550933,ER,0.6381087899208069,ER,0.19760479041916168,0.18592964824120603
AT5G52640,0.6275233626365662,0.0002948578039649874,0.0007453220896422863,0.010336495004594326,0.00020889074949081987,0.3607180416584015,1.6053727449616417e-05,0.00015698715287726372,Cytosol,0.6275233626365662,Cytosol,0.19642857142857142,0.18592964824120603
AT3G16480,0.029001830145716667,0.00511699914932251,0.005788636393845081,0.6271595358848572,0.0017466535791754723,0.3288087844848633,0.0014143955195322633,0.0009631644352339208,Mitochondrion,0.6271595358848572,Mitochondrion,0.1952662721893491,0.18592964824120603
AT5G03160,0.0010573944309726357,0.6261265873908997,0.004758627153933048,0.002775290748104453,0.32724371552467346,0.007821206003427505,0.028606021776795387,0.0016110882861539721,ER,0.6261265873908997,ER,0.19411764705882353,0.18592964824120603
AT2G16640,0.0028029049281030893,0.0048075453378260136,0.31941530108451843,0.044948212802410126,0.0017757461173459888,0.6256957650184631,0.0003765707660932094,0.00017790294077713042,Plastid,0.6256957650184631,Plastid,0.19298245614035087,0.18592964824120603
AT4G04020,0.043792132288217545,0.008110664784908295,0.0018068419303745031,0.30829358100891113,0.014973162673413754,0.6226217150688171,0.00027011914062313735,0.00013182320981286466,Plastid,0.6226217150688171,Plastid,0.19186046511627908,0.18592964824120603
ATCG00480,0.00030660181073471904,0.00024528030189685524,0.0005155772669240832,0.6211258172988892,0.0003877336857840419,0.377393513917923,1.6905982192838565e-05,8.54587688081665e-06,Plastid,0.6211258172988892,Mitochondrion,0.19653179190751446,0.18592964824120603
AT3G17240,0.0028140826616436243,0.0007233395590446889,0.001009891857393086,0.6192632913589478,0.0014735698932781816,0.37468254566192627,2.2565192921319976e-05,1.0687532267183997e-05,Mitochondrion,0.6192632913589478,Mitochondrion,0.19540229885057472,0.18592964824120603
AT1G70940,0.00027402391424402595,0.6191367506980896,0.0003715461352840066,0.0017622691811993718,0.25521185994148254,0.002264013746753335,0.12029838562011719,0.000681110832374543,PM,0.6191367506980896,ER,0.2,0.18592964824120603
AT5G57110,0.0026131996419280767,0.014937380328774452,0.0001987232535611838,0.6171526312828064,0.034235842525959015,0.0881759524345398,0.22898311913013458,0.013703304342925549,PM,0.6171526312828064,Mitochondrion,0.20454545454545456,0.18592964824120603
AT5G27770,4.646473371394677e-06,0.0016964751994237304,8.6428062786581e-06,0.00019845533824991435,0.3816560208797455,2.975247844005935e-05,0.6162676811218262,0.0001382996852044016,Ribosome,0.6162676811218262,Ribosome,0.2033898305084746,0.18592964824120603
AT4G29130,0.002523723989725113,0.0008795139146968722,0.09744667261838913,0.605863630771637,0.0005576611147262156,0.2925521731376648,0.00013609224697574973,4.049106428283267e-05,Mitochondrion,0.605863630771637,Mitochondrion,0.20224719101123595,0.18592964824120603
AT3G47520,0.0031722397543489933,0.0008340082713402808,0.016689715906977654,0.3723963499069214,0.0011329289991408587,0.6054213643074036,0.00023629465431440622,0.00011711855040630326,Plastid,0.6054213643074036,Plastid,0.2011173184357542,0.18592964824120603
AT3G47930,0.009672123938798904,0.0005939234397374094,0.0021626658271998167,0.605328381061554,0.0017752657877281308,0.38004717230796814,0.0002467028680257499,0.00017374972230754793,Mitochondrion,0.605328381061554,Mitochondrion,0.2,0.18592964824120603
AT1G74030,0.09160937368869781,0.0007799855666235089,0.0006737414514645934,0.3040664792060852,6.448445492424071e-05,0.6026535034179688,7.703674054937437e-05,7.545023981947452e-05,Plastid,0.6026535034179688,Plastid,0.19889502762430938,0.18592964824120603
AT3G12580,0.601530909538269,0.12814955413341522,0.0023813035804778337,0.06486623734235764,0.05294185131788254,0.14221681654453278,0.004319429397583008,0.003593931905925274,Cytosol,0.601530909538269,Cytosol,0.1978021978021978,0.18592964824120603
AT2G47840,0.004754609894007444,0.002421308308839798,0.12338613718748093,0.2725561261177063,0.0008742334903217852,0.5953124761581421,0.00043937464943155646,0.00025571894366294146,Plastid,0.5953124761581421,Plastid,0.19672131147540983,0.18592964824120603
AT5G09590,0.014812159352004528,0.0007386733777821064,0.0017570676282048225,0.5930188894271851,0.00017214509716723114,0.38927215337753296,0.00011991104838671163,0.00010904217197094113,Mitochondrion,0.5930188894271851,Mitochondrion,0.1956521739130435,0.18592964824120603
AT4G30190,0.00021893730445299298,0.3935282230377197,0.0017430225852876902,0.0003838081902358681,0.5906041860580444,0.0023605236783623695,0.010502337478101254,0.0006589761469513178,PM,0.5906041860580444,PM,0.1945945945945946,0.18592964824120603
AT2G45960,0.0005737189203500748,0.3510189950466156,0.0010324479080736637,0.0014174358220770955,0.5882632732391357,0.002536740154027939,0.053803544491529465,0.0013538895873352885,PM,0.5882632732391357,PM,0.1935483870967742,0.18592964824120603
AT2G30490,0.0006399155827239156,0.5868644118309021,0.0014388608979061246,0.0009087937651202083,0.34266364574432373,0.0022405139170587063,0.0631200298666954,0.0021237859036773443,ER,0.5868644118309021,ER,0.1925133689839572,0.18592964824120603
AT1G27980,4.0894483390729874e-05,0.5861396789550781,1.5009115486463998e-05,0.00025789873325265944,0.3968557119369507,0.0010267503093928099,0.015555005520582199,0.00010914278391283005,ER,0.5861396789550781,ER,0.19148936170212766,0.18592964824120603
AT2G21170,0.012749191373586655,0.00029332778649404645,0.001934838597662747,0.39967620372772217,4.84034935652744e-05,0.5852245688438416,3.576478047762066e-05,3.763417771551758e-05,Plastid,0.5852245688438416,Plastid,0.19047619047619047,0.18592964824120603
AT5G28540,0.0002238452434539795,0.5835700631141663,0.0004005825612694025,0.0002424486301606521,0.3640727400779724,0.0011069957399740815,0.04908277839422226,0.0013005458749830723,ER,0.5835700631141663,ER,0.18947368421052632,0.18592964824120603
AT5G67500,0.004866794217377901,0.0007917544571682811,0.05306543782353401,0.5826473832130432,0.0013435696018859744,0.3566071391105652,0.0004929426941089332,0.00018499407451599836,Mitochondrion,0.5826473832130432,Mitochondrion,0.18848167539267016,0.18592964824120603
AT3G03250,0.5821437239646912,0.0010317611740902066,0.0006462501478381455,0.028995836153626442,0.00391356460750103,0.38266319036483765,0.00010461760393809527,0.0005009419401176274,Cytosol,0.5821437239646912,Cytosol,0.1875,0.18592964824120603
AT1G33120,0.0017246315255761147,0.2944841980934143,0.001990261022001505,0.00192114373203367,0.5766859650611877,0.004822243470698595,0.10365837067365646,0.014713135547935963,Ribosome,0.5766859650611877,PM,0.19170984455958548,0.18592964824120603
AT5G15090,0.0038836165331304073,0.00044718271237798035,0.0021890108473598957,0.5741740465164185,0.001078539527952671,0.418012410402298,0.00013023591600358486,8.494906796840951e-05,Mitochondrion,0.5741740465164185,Mitochondrion,0.19072164948453607,0.18592964824120603
AT1G24180,0.027510013431310654,0.011756433174014091,0.04397745802998543,0.573442816734314,0.0025495823938399553,0.3364790678024292,0.0029063366819173098,0.0013781749876216054,Mitochondrion,0.573442816734314,Mitochondrion,0.18974358974358974,0.18592964824120603
AT5G20230,4.240665657562204e-05,0.4218780994415283,0.000242212088778615,5.226619396125898e-05,0.571826696395874,0.000521910609677434,0.005228434223681688,0.00020802301878575236,PM,0.571826696395874,PM,0.18877551020408162,0.18592964824120603
AT3G49560,0.0015011958312243223,0.012521186843514442,0.026834355667233467,0.38493824005126953,0.0033458999823778868,0.5705376863479614,0.0002756616158876568,4.574257764033973e-05,Plastid,0.5705376863479614,Plastid,0.18781725888324874,0.18592964824120603
AT5G62390,0.00340997870080173,0.5585430264472961,0.004906481131911278,0.003121516667306423,0.10233846306800842,0.007727832533419132,0.31117841601371765,0.008774328045547009,ER,0.5585430264472961,ER,0.18686868686868688,0.18592964824120603
AT1G79940,0.00032771381665952504,0.5549978613853455,0.001804689527489245,0.0008579664281569421,0.42756474018096924,0.00285945157520473,0.011079946532845497,0.0005076616653241217,ER,0.5549978613853455,ER,0.18592964824120603,0.18592964824120603
AT5G47990,0.0005797966732643545,0.3943762481212616,0.0009876051917672157,0.0017932988703250885,0.5544824004173279,0.0029322828631848097,0.04314113408327103,0.0017072801711037755,ER,0.5544824004173279,PM,0.19,0.18627450980392157
AT3G44330,0.0012904952745884657,0.5531114935874939,0.004594382364302874,0.0021790165919810534,0.39928123354911804,0.007563461549580097,0.02964775450527668,0.002332304371520877,ER,0.5531114935874939,ER,0.1890547263681592,0.18627450980392157
AT1G61790,0.002693861722946167,0.5515187382698059,0.15506330132484436,0.005014973226934671,0.23806262016296387,0.033245787024497986,0.012190407142043114,0.002210342325270176,ER,0.5515187382698059,ER,0.18811881188118812,0.18627450980392157
AT4G37410,0.0006636590114794672,0.5496255159378052,0.005931094288825989,0.0007198009989224374,0.42771589756011963,0.012008659541606903,0.0028136607725173235,0.0005216660792939365,ER,0.5496255159378052,ER,0.18719211822660098,0.18627450980392157
AT3G50930,0.0018826593877747655,0.0004774286353494972,0.014199232682585716,0.5494410395622253,0.0007848518434911966,0.432957261800766,0.00018267652194481343,7.474463200196624e-05,Mitochondrion,0.5494410395622253,Mitochondrion,0.18627450980392157,0.18627450980392157
AT3G07770,0.002591615542769432,0.00027185407816432416,0.0005115614039823413,0.446372926235199,0.0009062563767656684,0.5492638349533081,4.370763781480491e-05,3.8244761526584625e-05,Mitochondrion,0.5492638349533081,Plastid,0.1902439024390244,0.18840579710144928
AT3G52400,0.002357194432988763,0.3535957336425781,0.004256364889442921,0.015009368769824505,0.541649580001831,0.03324846178293228,0.047316331416368484,0.002566946903243661,PM,0.541649580001831,PM,0.18932038834951456,0.18840579710144928
AT5G60640,0.00029050008743070066,0.5330485105514526,0.0004234875668771565,0.0003359623660799116,0.3951612412929535,0.0011478658998385072,0.06757704168558121,0.0020153888035565615,ER,0.5330485105514526,ER,0.18840579710144928,0.18840579710144928
AT3G01290,0.006842380855232477,0.3034290373325348,0.0011948852334171534,0.007253353949636221,0.07002000510692596,0.008751763962209225,0.5317637920379639,0.07074490189552307,PM,0.5317637920379639,Ribosome,0.19230769230769232,0.19138755980861244
AT4G24190,0.00020182508160360157,0.5297827124595642,0.0007702608127146959,0.0002469229220878333,0.45779260993003845,0.001679922454059124,0.008898148313164711,0.0006275284104049206,ER,0.5297827124595642,ER,0.19138755980861244,0.19138755980861244
AT3G57650,0.0015350107569247484,0.03515765815973282,0.0012277017813175917,0.013155498541891575,0.5284499526023865,0.00939441379159689,0.4083392918109894,0.0027404120191931725,ER,0.5284499526023865,PM,0.19523809523809524,0.19339622641509435
AT2G18960,0.0008649585652165115,0.38389676809310913,0.0024940853472799063,0.002893563359975815,0.5275300741195679,0.005789180286228657,0.07277753949165344,0.0037537741009145975,PM,0.5275300741195679,PM,0.1943127962085308,0.19339622641509435
AT1G63940,0.00795923825353384,0.0007919143536128104,0.0005609278450720012,0.5262607336044312,0.0021321000531315804,0.461976557970047,0.00019423768389970064,0.00012423352745827287,Mitochondrion,0.5262607336044312,Mitochondrion,0.19339622641509435,0.19339622641509435
AT5G48030,0.3529455363750458,0.025478651747107506,0.0010776306735351682,0.02063426934182644,0.07028497755527496,0.5243962407112122,0.0012694958131760359,0.003913124091923237,Mitochondrion,0.5243962407112122,Plastid,0.19718309859154928,0.19626168224299065
AT4G13430,0.418411523103714,0.003085267962887883,0.0012947869254276156,0.05202622711658478,0.0023642329033464193,0.5227023959159851,4.345459092292003e-05,7.219589315354824e-05,Plastid,0.5227023959159851,Plastid,0.19626168224299065,0.19626168224299065
AT5G61790,0.0005530935013666749,0.39456379413604736,0.000886712281499058,0.0009759050444699824,0.522122323513031,0.002047056332230568,0.07730882614850998,0.0015423797303810716,ER,0.522122323513031,PM,0.2,0.19815668202764977
AT4G27090,0.001340501825325191,0.2597090005874634,0.0014281828189268708,0.0016362504102289677,0.20103733241558075,0.0037836292758584023,0.5165838599205017,0.014481225050985813,Ribosome,0.5165838599205017,Ribosome,0.19907407407407407,0.19815668202764977
AT4G29410,0.0019380263984203339,0.374796062707901,0.0005534536903724074,0.001969896024093032,0.06800828129053116,0.0023363041691482067,0.5161731243133545,0.03422480821609497,Ribosome,0.5161731243133545,Ribosome,0.19815668202764977,0.19815668202764977
AT5G42080,0.003267936874181032,0.512596607208252,0.002606915310025215,0.009723012335598469,0.3065756857395172,0.01203343365341425,0.14687839150428772,0.0063179838471114635,PM,0.512596607208252,ER,0.2018348623853211,0.2018348623853211
AT3G03780,0.25278204679489136,0.005889656953513622,0.032519154250621796,0.19586987793445587,0.0009798005921766162,0.5071965456008911,0.002086230320855975,0.002676622476428747,Cytosol,0.5071965456008911,Plastid,0.2054794520547945,0.20353982300884957
AT4G21180,0.001849322346970439,0.4277414381504059,0.0024637191090732813,0.004668968264013529,0.5068281888961792,0.012168494053184986,0.04090588539838791,0.003373956773430109,ER,0.5068281888961792,PM,0.20909090909090908,0.20353982300884957
AT3G23990,0.012878664769232273,0.003027422586455941,0.04074881598353386,0.5002303123474121,0.001368488883599639,0.440595805644989,0.0007037125178612769,0.00044673733646050096,Mitochondrion,0.5002303123474121,Mitochondrion,0.2081447963800905,0.20353982300884957
AT1G59870,0.0015389593318104744,0.4160004258155823,0.004419283475726843,0.0025366570334881544,0.4956176280975342,0.0062249149195849895,0.0703069195151329,0.0033551526721566916,PM,0.4956176280975342,PM,0.2072072072072072,0.20353982300884957
AT2G47800,0.006735354196280241,0.0075284382328391075,0.000890407885890454,0.004254573956131935,0.3289380967617035,0.003002542769536376,0.15306875109672546,0.4955819249153137,Vacuole,0.4955819249153137,Vacuole,0.2062780269058296,0.20353982300884957
AT3G20410,0.0007475908496417105,0.38713809847831726,0.0015336890937760472,0.0014618751592934132,0.49329543113708496,0.0031568948179483414,0.11036629229784012,0.0023000652436167,PM,0.49329543113708496,PM,0.20535714285714285,0.20353982300884957
AT1G14830,0.0034918098244816065,0.3998059630393982,0.0043931640684604645,0.006936479825526476,0.48282843828201294,0.014816555194556713,0.08202208578586578,0.005705547519028187,PM,0.48282843828201294,PM,0.20444444444444446,0.20353982300884957
AT2G41840,0.0029999499674886465,0.19976963102817535,0.0010095586767420173,0.00673774816095829,0.2806187570095062,0.004708553198724985,0.48138973116874695,0.022766070440411568,Ribosome,0.48138973116874695,Ribosome,0.20353982300884957,0.20353982300884957
AT2G47000,0.0025901137851178646,0.3661997616291046,0.0008717799209989607,0.0023568011820316315,0.13043759763240814,0.0031916010193526745,0.4733714461326599,0.020980939269065857,PM,0.4733714461326599,Ribosome,0.20704845814977973,0.20704845814977973
AT3G17810,0.0643763467669487,0.04003121703863144,0.0007879161857999861,0.4701913595199585,0.011962173506617546,0.41219064593315125,0.00025860092137008905,0.00020171268261037767,Plastid,0.4701913595199585,Mitochondrion,0.21052631578947367,0.20869565217391303
AT4G31500,0.0007101048249751329,0.46682825684547424,0.001896888017654419,0.0019583357498049736,0.4307250380516052,0.0042885043658316135,0.0904771015048027,0.003115756204351783,ER,0.46682825684547424,ER,0.2096069868995633,0.20869565217391303
AT2G01250,0.0015243104426190257,0.4339604079723358,0.00015473701932933182,0.0025643175467848778,0.08952265977859497,0.0020679766312241554,0.46610575914382935,0.00409976951777935,Ribosome,0.46610575914382935,Ribosome,0.20869565217391303,0.20869565217391303
AT4G13510,1.745593544910662e-05,0.44761350750923157,5.821489594382001e-06,7.97762768343091e-05,0.08708341419696808,0.00010386477515567094,0.46482357382774353,0.0002726318489294499,PM,0.46482357382774353,Ribosome,0.21212121212121213,0.21030042918454936
AT5G42020,0.0013379467418417335,0.46356400847435,0.00174314109608531,0.0020371689461171627,0.27515149116516113,0.004453200381249189,0.23859766125679016,0.013115396723151207,ER,0.46356400847435,ER,0.21120689655172414,0.21030042918454936
AT1G15110,0.003493321593850851,0.46224740147590637,0.025388842448592186,0.015638597309589386,0.3211383819580078,0.15842507779598236,0.01253577508032322,0.0011326044332236052,ER,0.46224740147590637,ER,0.21030042918454936,0.21030042918454936
AT5G24290,0.0019436771981418133,0.028567887842655182,0.0006736218347214162,0.00401261355727911,0.1961962729692459,0.003811886301264167,0.4544411897659302,0.3103528320789337,ER,0.4544411897659302,Ribosome,0.21367521367521367,0.21367521367521367
AT1G59610,0.29552051424980164,0.10331451892852783,0.0006870169891044497,0.1403888612985611,0.0010854002321138978,0.45282843708992004,0.005815479904413223,0.0003596871974878013,PM,0.45282843708992004,Plastid,0.2170212765957447,0.21610169491525424
AT1G15690,0.0005634570261463523,0.01400846429169178,0.0005568843334913254,0.000857771432492882,0.2610909342765808,0.0007321893936023116,0.2708783447742462,0.45131194591522217,Vacuole,0.45131194591522217,Vacuole,0.21610169491525424,0.21610169491525424
AT2G40890,0.0015113037079572678,0.3145720958709717,0.0030091486405581236,0.002163651864975691,0.4457513391971588,0.005104533862322569,0.20496268570423126,0.022925226017832756,ER,0.4457513391971588,PM,0.21940928270042195,0.21940928270042195
AT1G43170,0.0008459557429887354,0.29408425092697144,0.002677275100722909,0.0014968106988817453,0.443421870470047,0.0029480233788490295,0.248338982462883,0.006186858285218477,Ribosome,0.443421870470047,PM,0.22268907563025211,0.2222222222222222
AT5G12200,0.0017913426272571087,0.1153545007109642,0.0016698740655556321,0.004282781854271889,0.4171372652053833,0.005028071813285351,0.38799533247947693,0.06674078106880188,ER,0.4171372652053833,PM,0.22594142259414227,0.2222222222222222
AT1G52760,0.003845904255285859,0.25336408615112305,0.0027337658684700727,0.014293082989752293,0.40859830379486084,0.011732237413525581,0.2945137321949005,0.010918932035565376,PM,0.40859830379486084,PM,0.225,0.2222222222222222
AT4G18100,0.0011069728061556816,0.21950969099998474,0.0008233676780946553,0.0015866258181631565,0.3650321066379547,0.0020796763710677624,0.4008679687976837,0.008993508294224739,Ribosome,0.4008679687976837,Ribosome,0.22406639004149378,0.2222222222222222
AT3G61990,0.2031203806400299,0.3940543234348297,0.0005123974406160414,0.03677678480744362,0.3198382556438446,0.011691025458276272,0.03185613453388214,0.0021507053170353174,ER,0.3940543234348297,ER,0.2231404958677686,0.2222222222222222
AT4G35100,0.0009932228131219745,0.2671352028846741,0.0018141970504075289,0.0021120067685842514,0.3939824402332306,0.003859658492729068,0.3168521225452423,0.013251128606498241,PM,0.3939824402332306,PM,0.2222222222222222,0.2222222222222222
AT5G20290,0.0033905007876455784,0.11415860056877136,0.002678806660696864,0.006244208198040724,0.38852807879447937,0.007392076775431633,0.379670649766922,0.09793712198734283,Ribosome,0.38852807879447937,PM,0.22540983606557377,0.22448979591836735
AT4G27860,0.0012617399916052818,0.38628414273262024,0.0038048995193094015,0.001970476470887661,0.2978441119194031,0.006154908798635006,0.295670747756958,0.007009001448750496,ER,0.38628414273262024,ER,0.22448979591836735,0.22448979591836735
AT2G29990,0.13284310698509216,0.015563663095235825,0.005733740981668234,0.32968762516975403,0.1247868686914444,0.3801895081996918,0.00770615553483367,0.003489317139610648,Mitochondrion,0.3801895081996918,Plastid,0.22764227642276422,0.22709163346613545
AT3G15950,0.18558728694915771,0.03863004967570305,0.017297422513365746,0.3792876899242401,0.13380494713783264,0.2134721577167511,0.02433311939239502,0.007587268948554993,ER,0.3792876899242401,Mitochondrion,0.23076923076923078,0.22709163346613545
AT3G09630,0.0018964438932016492,0.16528071463108063,0.0008643875480629504,0.0017438757931813598,0.3164273500442505,0.0025871095713227987,0.3709728419780731,0.14022718369960785,Ribosome,0.3709728419780731,Ribosome,0.22983870967741934,0.22709163346613545
AT1G21750,0.0012290820013731718,0.3495196998119354,0.002141507575288415,0.0020445208065211773,0.3180989921092987,0.0041645243763923645,0.3103010058403015,0.012500676326453686,ER,0.3495196998119354,ER,0.2289156626506024,0.22709163346613545
AT1G19580,0.08700067549943924,0.269040584564209,0.002553278347477317,0.33846884965896606,0.1519453376531601,0.08997167646884918,0.05472526326775551,0.006294315680861473,Mitochondrion,0.33846884965896606,Mitochondrion,0.228,0.22709163346613545
AT5G42650,0.02183043211698532,0.07609238475561142,0.2631806433200836,0.15704795718193054,0.17949475347995758,0.2651827931404114,0.029389984905719757,0.007781126536428928,Plastid,0.2651827931404114,Plastid,0.22709163346613545,0.22709163346613545
AT4G30010,0.0633869469165802,0.23250940442085266,0.009462595917284489,0.1921582669019699,0.24982523918151855,0.09275422245264053,0.15189312398433685,0.008010314777493477,Mitochondrion,0.24982523918151855,PM,0.23015873015873015,0.23015873015873015
