ProteinID,SVMClassification,SVMScore,DeepSPClassification,DeepSPScore
P07355,PM,0.365262236,CYTOSOL,0.2668331153690815
P27816,NUCLEUS/CHROMATIN,0.6981205429999999,RIBOSOME,0.5361082479357719
Q06323,CYTOSOL,0.378960491,PROTEASOME,0.7754094079136848
P62820,PM,0.494209502,ER,0.47146375477314
Q15417-2,NUCLEUS/CHROMATIN,0.402749795,MITOCHONDRION,0.39521927013993263
Q15417,CYTOSOL,0.338470896,MITOCHONDRION,0.31617847830057144
Q12904,ER,0.20937087699999998,PROTEASOME,0.7554638497531414
Q04695,PM,0.294490901,MITOCHONDRION,0.2757319882512093
Q96I24,RIBOSOME,0.731940413,NUCLEUS/CHROMATIN,0.8487584143877029
O14737,CYTOSOL,0.392108135,PROTEASOME,0.8354949355125427
P52434-3,CYTOSOL,0.509501411,NUCLEUS/CHROMATIN,0.3606680706143379
P53999,CYTOSOL,0.538364304,NUCLEUS/CHROMATIN,0.4232394732534885
Q15149-3,NUCLEUS/CHROMATIN,0.292572141,MITOCHONDRION,0.20024439319968226
Q15149-4,PM,0.190296375,PROTEASOME,0.1995711885392666
Q9HB71,CYTOSOL,0.404713603,PROTEASOME,0.5163509473204613
O76070,ER,0.339721292,PEROXISOME,0.6614034026861191
P09132,ER,0.264527775,PROTEASOME,0.2228415869176388
Q9NR12,NUCLEUS/CHROMATIN,0.353553577,PM,0.3512431522831321
Q8WUW1,PM,0.409228475,GA,0.15221894718706608
P13639,NUCLEUS/CHROMATIN,0.482790445,RIBOSOME,0.4416236206889153
Q9Y490,PM,0.26447935100000003,CYTOSOL,0.4800582528114319
P21333-2,NUCLEUS/CHROMATIN,0.36457484799999995,MITOCHONDRION,0.3023185059428215
O43399,CYTOSOL,0.280955255,PROTEASOME,0.5113559029996395
O00571,RIBOSOME,0.621900721,NUCLEUS/CHROMATIN,0.5341640487313271
P06748,RIBOSOME,0.532990308,NUCLEUS/CHROMATIN,0.5047569535672665
P47897,ER,0.261557595,PROTEASOME,0.7692063599824905
Q6IAA8,PM,0.395410114,LYSOSOME,0.3844848982989788
P49419-2,CYTOSOL,0.27709639,MITOCHONDRION,0.5335921719670296
Q13561,NUCLEUS/CHROMATIN,0.524332221,PROTEASOME,0.6692747697234154
P05783,PM,0.258442505,CYTOSOL,0.2475951313972473
P48444,CYTOSOL,0.334132897,PROTEASOME,0.6394662335515022
P61026,ER,0.461343049,PM,0.4594663195312023
O43504,PM,0.437690665,LYSOSOME,0.4127307012677193
O95782-2,RIBOSOME,0.463272817,NUCLEUS/CHROMATIN,0.6332521140575409
Q86V48-2,RIBOSOME,0.554091628,NUCLEUS/CHROMATIN,0.7506006509065628
P29692,PM,0.299549106,NUCLEUS/CHROMATIN,0.2038862146437168
P07203,CYTOSOL,0.364818001,MITOCHONDRION,0.4271239908412099
Q14764,NUCLEUS/CHROMATIN,0.869766904,RIBOSOME,0.8770007193088531
Q08J23,NUCLEUS/CHROMATIN,0.564408539,PROTEASOME,0.465281130746007
P62136,NUCLEUS/CHROMATIN,0.307480005,PM,0.4482312686741352
Q13442,NUCLEUS/CHROMATIN,0.829743931,RIBOSOME,0.4333514720201492
Q14247,PM,0.268894529,CYTOSOL,0.2929041497409344
Q15075,ER,0.523297014,PEROXISOME,0.7977013587951659
Q9NVZ3,NUCLEUS/CHROMATIN,0.456103162,RIBOSOME,0.7413747608661652
Q5EBL8,NUCLEUS/CHROMATIN,0.712886626,RIBOSOME,0.5336627848446369
Q9Y3A5,NUCLEUS/CHROMATIN,0.722277684,RIBOSOME,0.8875775933265686
P33992,CYTOSOL,0.467637136,PROTEASOME,0.4437964092940092
Q9Y6D9,CYTOSOL,0.267959562,PEROXISOME,0.5408907644450665
O75935-3,NUCLEUS/CHROMATIN,0.655930303,PROTEASOME,0.5099313352257013
Q15691,CYTOSOL,0.404944894,PROTEASOME,0.3722371440380812
Q96CW1-2,RIBOSOME,0.522209684,NUCLEUS/CHROMATIN,0.5062413886189461
P40222,RIBOSOME,0.714993202,NUCLEUS/CHROMATIN,0.6215011179447174
Q99615,ER,0.32254574,PEROXISOME,0.4814899004995823
Q8N3V7-2,MITOCHONDRION,0.524233695,PM,0.4073932054452598
P11216,RIBOSOME,0.305658208,NUCLEUS/CHROMATIN,0.4209154285490513
P50479,NUCLEUS/CHROMATIN,0.243543848,MITOCHONDRION,0.2997014708817005
Q9UNF1,CYTOSOL,0.5090178089999999,PROTEASOME,0.3204498931299895
Q01082-3,NUCLEUS/CHROMATIN,0.418658044,MITOCHONDRION,0.4564551301300526
Q14011,RIBOSOME,0.828368738,NUCLEUS/CHROMATIN,0.5462482795119286
P38606-2,ER,0.258527403,CYTOSOL,0.29883017763495445
Q9Y2Q3,ER,0.658739495,PEROXISOME,0.4473405405879021
P21281,PM,0.34770768,LYSOSOME,0.2580502927303314
Q7Z422-2,CYTOSOL,0.542935901,PROTEASOME,0.3634250870672986
O14579,CYTOSOL,0.34608579,PROTEASOME,0.4416241776198149
Q8N6T3,ER,0.621424916,PEROXISOME,0.5563262701034546
O94992,CYTOSOL,0.615778177,PROTEASOME,0.5639069392345846
P25205,CYTOSOL,0.560031126,PROTEASOME,0.4129060702398419
Q9BTU6,ER,0.560739623,GA,0.3693487197160721
Q9UH65,CYTOSOL,0.382581579,PROTEASOME,0.5046536922454834
Q14157-1,RIBOSOME,0.6927436570000001,ER,0.4023437723517418
P61158,NUCLEUS/CHROMATIN,0.535790906,RIBOSOME,0.2406216710805893
P19784,CYTOSOL,0.455219282,PROTEASOME,0.5306538622826338
Q9Y6G5,ER,0.618479719,PEROXISOME,0.4680123552680016
Q99536,ER,0.321552428,RIBOSOME,0.5594607815146446
P55735,RIBOSOME,0.425402933,GA,0.4881287030875683
P54136,ER,0.236890241,PROTEASOME,0.7259792275726795
P35606-2,CYTOSOL,0.301350238,PROTEASOME,0.6006879508495331
P53618,CYTOSOL,0.353551115,PROTEASOME,0.6629307419061661
P12270,CYTOSOL,0.620016526,NUCLEUS/CHROMATIN,0.428786987438798
Q15366-6,RIBOSOME,0.567902546,NUCLEUS/CHROMATIN,0.6781410872936249
P36969-2,PM,0.248795735,MITOCHONDRION,0.1658689882606268
O76094,ER,0.30369224300000003,PROTEASOME,0.1972798593342304
P61163,NUCLEUS/CHROMATIN,0.6202000329999999,PROTEASOME,0.5547435786575079
P62993,PM,0.283174267,CYTOSOL,0.30339954793453217
P30622-2,CYTOSOL,0.403678064,PROTEASOME,0.4511455865576863
Q14157-5,RIBOSOME,0.7293293609999999,ER,0.3592322319746017
Q96HC4,PM,0.22515327899999998,CYTOSOL,0.2637011855840683
Q7Z2W4,PM,0.327738779,RIBOSOME,0.403082013130188
Q5T0N5-3,NUCLEUS/CHROMATIN,0.267042778,RIBOSOME,0.2400596588850021
O43493-2,ER,0.75827632,RIBOSOME,0.33057659305632114
Q9NSC5-2,NUCLEUS/CHROMATIN,0.43144579,RIBOSOME,0.31907920353114605
Q8TF74,PM,0.276217177,RIBOSOME,0.329261239618063
Q9NP61,ER,0.42072960600000003,PEROXISOME,0.2924277260899544
O95816,ER,0.7690581759999999,PEROXISOME,0.4893343709409237
O75822,NUCLEUS/CHROMATIN,0.608473689,PROTEASOME,0.4228806812316179
P60520,ER,0.33705610399999997,CYTOSOL,0.22079399973154068
Q9BRJ6,NUCLEUS/CHROMATIN,0.545714127,RIBOSOME,0.8635446131229401
Q9UDT6-2,NUCLEUS/CHROMATIN,0.6054038629999999,PROTEASOME,0.5085455123335123
Q14203-3,NUCLEUS/CHROMATIN,0.648938555,PROTEASOME,0.5413918495178223
Q8WUF5,ER,0.402250774,PEROXISOME,0.2962327301502228
Q9Y3C6,CYTOSOL,0.489396513,NUCLEUS/CHROMATIN,0.4274246767163277
P53621,CYTOSOL,0.329184312,PROTEASOME,0.6751793324947357
O95218-2,CYTOSOL,0.565067063,PROTEASOME,0.5551498122513294
P21291,MITOCHONDRION,0.867718483,PM,0.5614425446838139
Q6PK04,RIBOSOME,0.7625831359999999,NUCLEUS/CHROMATIN,0.5250558070838451
Q92890,ER,0.46330206799999996,PEROXISOME,0.34385204687714577
P53396-2,NUCLEUS/CHROMATIN,0.556259274,PROTEASOME,0.3619013912975788
Q15436,RIBOSOME,0.511238701,GA,0.6700873337686062
Q9UHB9,CYTOSOL,0.24045006800000002,PROTEASOME,0.2986395470798016
P42696,RIBOSOME,0.484828876,NUCLEUS/CHROMATIN,0.9185374528169632
Q9NVJ2,PM,0.5082839029999999,GA,0.30097752436995506
Q99541,ER,0.737706462,PEROXISOME,0.7181880176067352
P61011-2,ER,0.357743136,RIBOSOME,0.2546374723315239
Q9Y508-2,NUCLEUS/CHROMATIN,0.316710585,PROTEASOME,0.26099048741161823
P17706-2,ER,0.511928034,PEROXISOME,0.2517712991684675
Q04637-8,NUCLEUS/CHROMATIN,0.554267015,RIBOSOME,0.6120554059743881
Q7Z460-4,NUCLEUS/CHROMATIN,0.440144007,RIBOSOME,0.8549979776144028
O60826,ER,0.492434489,PEROXISOME,0.4331133738160133
Q9HCU8-2,CYTOSOL,0.542378613,NUCLEUS/CHROMATIN,0.4996112138032913
Q9H444,CYTOSOL,0.349902131,PEROXISOME,0.3339574113488197
P51809,ER,0.310219811,RIBOSOME,0.7344353049993515
P51911,MITOCHONDRION,0.379876979,PM,0.5271973479539156
Q13011,MITOCHONDRION,0.47160210700000005,PM,0.36601432831957936
Q8IZD4,ER,0.28193102,RIBOSOME,0.5654217265546322
P53582,RIBOSOME,0.636109199,NUCLEUS/CHROMATIN,0.6847025752067566
P21283,CYTOSOL,0.239655604,PEROXISOME,0.17917571030557156
O95295,ER,0.22013504,RIBOSOME,0.3920264728367329
Q8IXS6,MITOCHONDRION,0.402762725,PM,0.3899385267868638
Q04637-4,NUCLEUS/CHROMATIN,0.6686086760000001,RIBOSOME,0.6146250218153001
P61160,NUCLEUS/CHROMATIN,0.515840729,RIBOSOME,0.20916621014475825
P29144,NUCLEUS/CHROMATIN,0.744240331,RIBOSOME,0.34001058619469404
Q9GZS3,NUCLEUS/CHROMATIN,0.504118941,RIBOSOME,0.8253012001514435
Q969S3,NUCLEUS/CHROMATIN,0.777311897,RIBOSOME,0.8698855936527252
O43719,NUCLEUS/CHROMATIN,0.503842849,PROTEASOME,0.6240068338811398
P16333,ER,0.254656273,CYTOSOL,0.21005348674952984
Q8TA86,NUCLEUS/CHROMATIN,0.485366361,RIBOSOME,0.5132523849606514
Q9GZP4-2,NUCLEUS/CHROMATIN,0.39128285100000004,PROTEASOME,0.466661237180233
Q9UK41,CYTOSOL,0.20657148,PEROXISOME,0.13954094797372818
P53992,RIBOSOME,0.588183349,GA,0.6246070861816406
Q9BRP8-2,NUCLEUS/CHROMATIN,0.612941732,RIBOSOME,0.916097417473793
Q9H089,ER,0.72519219,RIBOSOME,0.516498826444149
Q9BZK7,CYTOSOL,0.388984603,NUCLEUS/CHROMATIN,0.4075704514980316
Q9H7X7-3,NUCLEUS/CHROMATIN,0.369300671,PROTEASOME,0.2740080840885639
Q9UDY2-3,MITOCHONDRION,0.234425511,PM,0.3116407357156277
Q9UJW0,NUCLEUS/CHROMATIN,0.636301859,PROTEASOME,0.5451506637036799
P61006,ER,0.524658969,PM,0.6653778702020645
Q9H267,NUCLEUS/CHROMATIN,0.297531265,PROTEASOME,0.22942136228084564
Q9H223,PM,0.401996048,ER,0.4615906178951264
P63010,RIBOSOME,0.53058246,NUCLEUS/CHROMATIN,0.4709372594952583
O14907,NUCLEUS/CHROMATIN,0.258441452,PM,0.2848715763539076
Q99613-2,NUCLEUS/CHROMATIN,0.8059352259999999,RIBOSOME,0.5606165006756783
Q9H0E2,ER,0.322235734,RIBOSOME,0.3017573207616806
O15514,CYTOSOL,0.546765038,NUCLEUS/CHROMATIN,0.4235423021018505
P57768,ER,0.545920996,PEROXISOME,0.7660158947110176
P0CAP2,CYTOSOL,0.575010747,PROTEASOME,0.5018208273686469
P42025,NUCLEUS/CHROMATIN,0.534796359,PROTEASOME,0.6596438065171242
Q8N5P1,RIBOSOME,0.55010744,NUCLEUS/CHROMATIN,0.5833795964717865
Q9NPI6,ER,0.318570759,RIBOSOME,0.5402452051639557
P36543-2,PM,0.355851851,LYSOSOME,0.31026915088295937
Q13464,PM,0.283606474,CYTOSOL,0.2425083890557289
Q68D10,RIBOSOME,0.777669477,NUCLEUS/CHROMATIN,0.7166800573468208
Q96P11-2,RIBOSOME,0.5839747989999999,NUCLEUS/CHROMATIN,0.6226074695587158
P26640,CYTOSOL,0.32977111800000003,PROTEASOME,0.4231742974370718
Q14232,NUCLEUS/CHROMATIN,0.520779282,PROTEASOME,0.5946883223950863
Q96GK7,CYTOSOL,0.49756685799999995,MITOCHONDRION,0.4045802745968104
O14639-6,PM,0.24789117300000002,CYTOSOL,0.3364328406751156
Q92747,NUCLEUS/CHROMATIN,0.37386158700000005,PROTEASOME,0.2490205429494381
O00291,NUCLEUS/CHROMATIN,0.351299994,PM,0.569351676851511
Q9Y5X2,ER,0.331923344,RIBOSOME,0.4957573488354683
Q9H0W8,NUCLEUS/CHROMATIN,0.553450976,RIBOSOME,0.6811946555972099
O96013,PM,0.26881234800000003,NUCLEUS/CHROMATIN,0.3507025372236967
Q13619,CYTOSOL,0.368183696,PROTEASOME,0.3956169886514545
P52292,CYTOSOL,0.45843426200000004,NUCLEUS/CHROMATIN,0.2772056069225073
Q6P2E9,ER,0.25546524600000003,RIBOSOME,0.5372390672564507
Q9P2J5,CYTOSOL,0.289523766,PROTEASOME,0.8607912361621857
Q9NX58,NUCLEUS/CHROMATIN,0.744327445,RIBOSOME,0.7770750820636749
Q9BRT6,NUCLEUS/CHROMATIN,0.786220745,RIBOSOME,0.4988967478275299
P13647,NUCLEUS/CHROMATIN,0.40062213,MITOCHONDRION,0.3603963032364845
Q7Z4G1,ER,0.35685584200000003,PEROXISOME,0.5394386127591133
Q05397-7,NUCLEUS/CHROMATIN,0.418870285,RIBOSOME,0.3261150158941746
Q8TDB6,RIBOSOME,0.7887685609999999,NUCLEUS/CHROMATIN,0.4942138679325581
Q96TA1-2,PM,0.345011698,CYTOSOL,0.38303815573453903
Q15154-2,RIBOSOME,0.663645355,NUCLEUS/CHROMATIN,0.5993930548429489
Q9Y2W2,RIBOSOME,0.530078933,NUCLEUS/CHROMATIN,0.7475070506334305
O15145,NUCLEUS/CHROMATIN,0.58829147,RIBOSOME,0.273135956376791
P09496-2,RIBOSOME,0.467092172,ER,0.5568173266947269
Q9H0A8,ER,0.356237367,PEROXISOME,0.3614618591964245
Q9Y421,RIBOSOME,0.509656219,NUCLEUS/CHROMATIN,0.7095035389065742
Q15020-4,CYTOSOL,0.474973983,PROTEASOME,0.7059683036059141
Q0PNE2,CYTOSOL,0.367486288,PROTEASOME,0.7832612395286559
O94979,RIBOSOME,0.6594704889999999,GA,0.5535998307168484
Q14135-2,CYTOSOL,0.39597252200000005,PEROXISOME,0.2558808047324419
Q9UEU0,ER,0.30396938,GA,0.52646354585886
Q9Y2T2,CYTOSOL,0.234326895,PROTEASOME,0.3889728970825672
P23921,CYTOSOL,0.48035107299999996,PROTEASOME,0.5408498998731375
Q9BY89,MITOCHONDRION,0.38230431200000003,PM,0.4313772413879633
Q13137-5,ER,0.48605828700000003,CYTOSOL,0.482647392898798
Q13185,CYTOSOL,0.471376185,NUCLEUS/CHROMATIN,0.4748269366100431
Q5T8I3-2,NUCLEUS/CHROMATIN,0.36542231700000005,RIBOSOME,0.3445298485457897
Q93009,CYTOSOL,0.5565687770000001,PROTEASOME,0.4643784021027386
Q17RN3,NUCLEUS/CHROMATIN,0.693004117,RIBOSOME,0.5197722092270851
Q9UBQ5,NUCLEUS/CHROMATIN,0.799642519,RIBOSOME,0.4578003417700529
P12081,NUCLEUS/CHROMATIN,0.509783831,PROTEASOME,0.4190580546855927
Q13232,LYSOSOME,0.40485457700000005,MITOCHONDRION,0.825968861579895
Q9Y383,CYTOSOL,0.585483897,PROTEASOME,0.3898579186061397
Q8TD16,ER,0.443501584,PEROXISOME,0.3902328014373779
Q9Y678,CYTOSOL,0.41265397600000003,PROTEASOME,0.6830668598413467
Q92609,ER,0.26331017100000004,RIBOSOME,0.2646035421639681
P25685,ER,0.39196440299999996,RIBOSOME,0.5725441575050354
Q15642,NUCLEUS/CHROMATIN,0.5357913360000001,RIBOSOME,0.681778073310852
P49642,CYTOSOL,0.437542486,PROTEASOME,0.40649717580527067
O75122-3,CYTOSOL,0.397344262,PROTEASOME,0.4474684549495578
O15372,NUCLEUS/CHROMATIN,0.769963453,RIBOSOME,0.5358564332127571
O00399,NUCLEUS/CHROMATIN,0.620934012,PROTEASOME,0.5524587519466877
O14562,NUCLEUS/CHROMATIN,0.421866404,PROTEASOME,0.6350254267454147
P09497-2,RIBOSOME,0.526921466,ER,0.5140467882156372
Q96L92,PEROXISOME,0.479969098,ER,0.7186535000801086
P49418-2,NUCLEUS/CHROMATIN,0.375913626,PROTEASOME,0.3582266569137573
Q8TAT6,ER,0.278323249,PEROXISOME,0.1944072302430868
Q5VSY0-2,RIBOSOME,0.47419268200000003,ER,0.7676059529185295
Q7L576,GA,0.326049074,RIBOSOME,0.2726728599518537
Q32MZ4-3,NUCLEUS/CHROMATIN,0.574206468,PROTEASOME,0.5518750641494989
Q9Y2X7,NUCLEUS/CHROMATIN,0.287889532,PROTEASOME,0.4140571393072605
Q8IZ21-3,PM,0.43771386100000004,CYTOSOL,0.30233874171972275
Q9BR76,PM,0.300979828,MITOCHONDRION,0.36571016162633896
Q86YS6,PM,0.41580238700000005,GA,0.2992013655602932
Q9GZY8-2,PM,0.519454518,LYSOSOME,0.3031511083245277
P28482,CYTOSOL,0.578594233,PROTEASOME,0.4409958850592375
Q9UGY1,NUCLEUS/CHROMATIN,0.567937196,RIBOSOME,0.5182234384119511
Q9H6Y2,NUCLEUS/CHROMATIN,0.42625452700000005,PROTEASOME,0.37388675194233656
Q5JSZ5,NUCLEUS/CHROMATIN,0.803839095,RIBOSOME,0.6356334164738655
P41134-2,CYTOSOL,0.263907955,NUCLEUS/CHROMATIN,0.361940860748291
O75153,CYTOSOL,0.499577774,PROTEASOME,0.3642513398081064
Q9BRZ2,CYTOSOL,0.38296494,PROTEASOME,0.3687936142086983
Q9P0P0,CYTOSOL,0.666222698,PROTEASOME,0.5950845619663596
Q8N6H7,ER,0.511694131,PEROXISOME,0.2839452214539051
Q8TDH9,NUCLEUS/CHROMATIN,0.40482474799999996,RIBOSOME,0.3963052183389664
P35568,CYTOSOL,0.40807579899999996,PROTEASOME,0.3662391845136881
Q9Y606-2,NUCLEUS/CHROMATIN,0.469861529,MITOCHONDRION,0.2835008576512337
Q53EL6-2,NUCLEUS/CHROMATIN,0.778770691,RIBOSOME,0.9217378795146942
Q8NDI1-3,ER,0.42709294700000006,PM,0.2044552117586136
Q13425,MITOCHONDRION,0.49908986899999996,PM,0.7333198003470898
Q8IWJ2,ER,0.312553817,CYTOSOL,0.4228319115936756
Q6FIF0-2,NUCLEUS/CHROMATIN,0.6825532120000001,PROTEASOME,0.5087583623826504
Q8NCD3,NUCLEUS/CHROMATIN,0.533231245,RIBOSOME,0.5445010066032411
O76080,NUCLEUS/CHROMATIN,0.463870688,PROTEASOME,0.6086771599948406
Q12768,ER,0.41216429200000004,PEROXISOME,0.5714087784290314
Q8N8J7,ER,0.734858288,PM,0.3926637899130583
Q96D71,CYTOSOL,0.38045518100000003,PROTEASOME,0.3774575302377343
Q9NRW7,ER,0.33321809399999996,RIBOSOME,0.4867707565426826
Q6QNY1,ER,0.325550212,RIBOSOME,0.28426283225417137
O14972,PEROXISOME,0.58414825,ER,0.6635301001369953
O60524-4,NUCLEUS/CHROMATIN,0.706320229,PROTEASOME,0.44660378620028496
Q9Y2A7,GA,0.407035284,RIBOSOME,0.24633331038057804
P49674,RIBOSOME,0.529646576,NUCLEUS/CHROMATIN,0.512981716543436
P0CG12,RIBOSOME,0.6824323459999999,NUCLEUS/CHROMATIN,0.3098728442564607
Q96CF2,PM,0.54085074,NUCLEUS/CHROMATIN,0.2431955486536026
Q9C005,CYTOSOL,0.5965918960000001,NUCLEUS/CHROMATIN,0.5599693655967712
Q9P289,PM,0.376599488,CYTOSOL,0.2544147782027721
Q96IV0-5,CYTOSOL,0.351995805,PROTEASOME,0.5560975037515163
Q9NR46,ER,0.24960119600000003,RIBOSOME,0.25698335841298103
Q6NZY4,NUCLEUS/CHROMATIN,0.433674501,PROTEASOME,0.6559693366289139
P40818,ER,0.35188625700000004,RIBOSOME,0.4486284628510475
Q9Y4E8,NUCLEUS/CHROMATIN,0.36665484200000004,PROTEASOME,0.4489306826144457
Q8N668,ER,0.437683301,PEROXISOME,0.4590700939297676
Q9NP77,CYTOSOL,0.48680972,NUCLEUS/CHROMATIN,0.8128572404384613
Q9Y3C0,ER,0.31542204,PEROXISOME,0.6724552884697914
Q86T03-2,PM,0.395511186,LYSOSOME,0.32160310074687004
Q96F07-2,GA,0.416810555,PM,0.3638656195253134
P30876,CYTOSOL,0.46768378899999996,NUCLEUS/CHROMATIN,0.3375414647161961
Q13045-2,NUCLEUS/CHROMATIN,0.39469214,PROTEASOME,0.3213221188634634
O75717,CYTOSOL,0.45085921100000004,NUCLEUS/CHROMATIN,0.39643929712474346
Q9BZF9-2,NUCLEUS/CHROMATIN,0.419718993,PM,0.5853189993649721
O75521-2,ER,0.740095457,PEROXISOME,0.35915839672088623
Q15036,PEROXISOME,0.33013001399999997,ER,0.5940827652812004
Q96BZ8,ER,0.30413892600000003,NUCLEUS/CHROMATIN,0.6742106974124908
P46939,MITOCHONDRION,0.608843427,PM,0.6463843733072281
P10321,ER,0.545983367,PM,0.44410947151482105
Q96KP1,PM,0.277738773,NUCLEUS/CHROMATIN,0.4664021022617817
Q99816,PM,0.263034243,ER,0.16702312976121902
P31146,MITOCHONDRION,0.528151501,PM,0.4656150676310062
Q9H944,CYTOSOL,0.38725352700000004,NUCLEUS/CHROMATIN,0.5598205476999283
Q8N7H5-2,CYTOSOL,0.455181355,NUCLEUS/CHROMATIN,0.6014817878603935
P07099,ER,0.509165361,PM,0.4805710362270474
P25686,ER,0.289566412,CYTOSOL,0.2378357816487551
Q9H9C1,NUCLEUS/CHROMATIN,0.312374702,PROTEASOME,0.3278539925813675
Q7Z2T5,NUCLEUS/CHROMATIN,0.701206088,RIBOSOME,0.5503977686166763
Q96A49,ER,0.28187628,PEROXISOME,0.7573155462741852
Q15042,CYTOSOL,0.319582405,ER,0.16542687267065048
Q8WXA3-2,ER,0.625091584,PEROXISOME,0.765788309276104
Q96FS4,MITOCHONDRION,0.41842082700000005,PM,0.5063150748610497
P49643,CYTOSOL,0.623555587,PROTEASOME,0.5117538787890226
Q9BZF1,ER,0.654299455,PM,0.5571570042520761
Q7Z3J2,PEROXISOME,0.412708498,ER,0.7006796821951866
Q9HBL0,NUCLEUS/CHROMATIN,0.32098165100000003,PM,0.4533752556890249
Q9BT23,MITOCHONDRION,0.486978047,PM,0.4568413952365518
P49770,NUCLEUS/CHROMATIN,0.665309965,PROTEASOME,0.4626302719116211
Q13045,NUCLEUS/CHROMATIN,0.42132737200000003,PROTEASOME,0.4585780538618565
P31323,PM,0.23212322300000002,CYTOSOL,0.17704414203763008
Q8WVY7,CYTOSOL,0.373893077,PROTEASOME,0.6646739132702351
Q9H1P3-2,ER,0.41948379700000005,PEROXISOME,0.34395453333854675
Q9UMZ2-5,RIBOSOME,0.304933464,ER,0.3235895335674286
Q86U44,CYTOSOL,0.513221826,NUCLEUS/CHROMATIN,0.28876667842268944
Q9P2X3,RIBOSOME,0.293226102,NUCLEUS/CHROMATIN,0.4047267436981201
O00203,NUCLEUS/CHROMATIN,0.22755695199999998,PROTEASOME,0.5014678165316582
Q01970,GA,0.38054731299999994,PM,0.4086801167577505
P61018,RIBOSOME,0.30661109999999997,ER,0.5969272032380104
P42566,CYTOSOL,0.24343482,ER,0.3242869041860104
Q9H3S7,ER,0.35218172200000003,CYTOSOL,0.3315976150333881
Q6ZRY4,RIBOSOME,0.471536675,NUCLEUS/CHROMATIN,0.960150346159935
Q6IN85,CYTOSOL,0.537269697,PROTEASOME,0.6337099466472864
Q8N0Z3,NUCLEUS/CHROMATIN,0.647762779,RIBOSOME,0.6702540069818497
P49662,ER,0.331087187,PEROXISOME,0.5508131124079227
Q9NRY5,ER,0.371172524,PEROXISOME,0.3653954677283764
O60499,ER,0.335240769,RIBOSOME,0.4300771616399288
Q27J81-2,CYTOSOL,0.302565782,PROTEASOME,0.36209238693118095
Q14155-1,NUCLEUS/CHROMATIN,0.323735225,PROTEASOME,0.3638004660606384
Q9Y5V3,NUCLEUS/CHROMATIN,0.297440194,RIBOSOME,0.24210256710648534
P86791,PM,0.35229977799999995,PEROXISOME,0.18291419558227065
Q9BST9-2,ER,0.322689291,CYTOSOL,0.345032949000597
Q92572,CYTOSOL,0.288026287,PROTEASOME,0.5349911637604237
Q6ZSZ5-2,NUCLEUS/CHROMATIN,0.456167647,PROTEASOME,0.3086854964494705
P02794,NUCLEUS/CHROMATIN,0.17818018800000002,MITOCHONDRION,0.40010274201631546
O14617-5,NUCLEUS/CHROMATIN,0.39713774,PROTEASOME,0.5348620712757111
Q9H2M9,CYTOSOL,0.24856246399999998,ER,0.19119096919894216
Q15437,RIBOSOME,0.296909221,GA,0.6944950968027115
P19387,CYTOSOL,0.445097179,NUCLEUS/CHROMATIN,0.3665236718952656
Q9UPQ9-2,NUCLEUS/CHROMATIN,0.632253629,RIBOSOME,0.4590763971209526
Q13243,NUCLEUS/CHROMATIN,0.688428595,RIBOSOME,0.548915185034275
Q8TBX8,NUCLEUS/CHROMATIN,0.39376041700000003,PROTEASOME,0.2281925342977047
Q5VT25-4,GA,0.280715772,NUCLEUS/CHROMATIN,0.29564912989735603
Q5TZA2,NUCLEUS/CHROMATIN,0.256588458,LYSOSOME,0.5367916375398636
Q53H82,ER,0.38022476899999996,CYTOSOL,0.4525597244501114
Q9BYT8,CYTOSOL,0.46107992700000006,MITOCHONDRION,0.4031262956559658
O43516-2,PM,0.252745057,RIBOSOME,0.3904429115355015
Q93008-1,CYTOSOL,0.6522823670000001,PROTEASOME,0.472372623917181
P41214,NUCLEUS/CHROMATIN,0.829479247,RIBOSOME,0.4982171766459942
Q99996-5,NUCLEUS/CHROMATIN,0.479645052,PROTEASOME,0.4896042458713055
Q63HN8,NUCLEUS/CHROMATIN,0.853334875,RIBOSOME,0.5769215114414692
Q86VX2-2,ER,0.626103905,PEROXISOME,0.3902047947049141
O43293,RIBOSOME,0.675680115,NUCLEUS/CHROMATIN,0.799846887588501
Q9UNI6,NUCLEUS/CHROMATIN,0.65396655,RIBOSOME,0.8427499011158943
Q8N0Z6,CYTOSOL,0.428006692,ER,0.3896327503025532
Q9Y2S0-2,RIBOSOME,0.5624670999999999,NUCLEUS/CHROMATIN,0.8738607913255692
O75179-2,NUCLEUS/CHROMATIN,0.486326011,RIBOSOME,0.4528720006346703
Q9Y3C8,ER,0.612457871,PEROXISOME,0.4202531464397907
P56537,NUCLEUS/CHROMATIN,0.423357993,PROTEASOME,0.6463328152894974
Q6VN20-3,CYTOSOL,0.492958259,PROTEASOME,0.6911250874400139
Q9P253,ER,0.51211279,RIBOSOME,0.4274926334619522
P49454,NUCLEUS/CHROMATIN,0.35265209700000005,MITOCHONDRION,0.3672533929347992
Q63ZY3-3,NUCLEUS/CHROMATIN,0.321029395,MITOCHONDRION,0.2547603361308575
Q9Y2Y1,NUCLEUS/CHROMATIN,0.37068192,PROTEASOME,0.6673619113862514
Q9NX08,ER,0.621747753,PEROXISOME,0.481218233704567
Q00537,PM,0.234042818,PEROXISOME,0.14006589725613594
Q96IF1,CYTOSOL,0.271345709,PEROXISOME,0.14438976906239984
Q9Y5S2,GA,0.273443225,RIBOSOME,0.3984605353325605
Q9Y6Y8,CYTOSOL,0.23862516399999997,PROTEASOME,0.21354158082976935
Q96J02-2,PM,0.42104701200000005,GA,0.25502608716487885
Q7L1V2,PM,0.555897274,ER,0.21631529927253726
Q5F1R6,NUCLEUS/CHROMATIN,0.730389917,RIBOSOME,0.3593740873038769
Q9Y5K8,PM,0.40311270200000004,MITOCHONDRION,0.2624993622303009
Q9ULA0,CYTOSOL,0.43271458100000004,PROTEASOME,0.7237615827471018
Q9GZQ3,ER,0.303859373,PEROXISOME,0.5670047774910927
Q96D46,NUCLEUS/CHROMATIN,0.530123663,RIBOSOME,0.7609907910227776
Q96AX1,ER,0.382613279,RIBOSOME,0.5438527464866638
Q7Z569,RIBOSOME,0.601670104,NUCLEUS/CHROMATIN,0.7572932988405228
Q6ZVM7,PM,0.282512516,CYTOSOL,0.21323140151798725
Q9HAS0,NUCLEUS/CHROMATIN,0.763383134,RIBOSOME,0.3629826717078686
Q969M7-6,ER,0.310594457,CYTOSOL,0.4466348476707935
O15357,NUCLEUS/CHROMATIN,0.407741915,PROTEASOME,0.3822253793478012
Q6R327,NUCLEUS/CHROMATIN,0.547681254,RIBOSOME,0.8180334866046906
P33121,ER,0.5271078539999999,PEROXISOME,0.3045438751578331
Q8NC56,ER,0.51047547,PM,0.628518495708704
Q86YM7,NUCLEUS/CHROMATIN,0.36197127700000004,PROTEASOME,0.3414534600451589
Q9UNK0,ER,0.405988521,RIBOSOME,0.4260961040854454
Q8N3C0,NUCLEUS/CHROMATIN,0.5513241999999999,RIBOSOME,0.89260233938694
P07093-2,PM,0.476753552,LYSOSOME,0.5337271392345428
Q9Y3C7,RIBOSOME,0.49186305,NUCLEUS/CHROMATIN,0.9442982673645021
A4D1P6,PM,0.26162642199999997,PROTEASOME,0.3795556984841824
Q96DE0-3,CYTOSOL,0.470295289,NUCLEUS/CHROMATIN,0.2641865126788616
P41240,NUCLEUS/CHROMATIN,0.295937595,PROTEASOME,0.14865893498063087
O60551,RIBOSOME,0.513437912,NUCLEUS/CHROMATIN,0.4686847925186157
Q9Y5V0,RIBOSOME,0.713537526,NUCLEUS/CHROMATIN,0.5199091024696827
Q8N0X7,NUCLEUS/CHROMATIN,0.21005457100000002,PEROXISOME,0.20324024930596352
Q9NQY0,NUCLEUS/CHROMATIN,0.342374316,PROTEASOME,0.22856565937399864
P32121-5,NUCLEUS/CHROMATIN,0.5100407610000001,RIBOSOME,0.3412992171943188
Q9BRS2,PROTEASOME,0.548597446,NUCLEUS/CHROMATIN,0.4056200250051916
Q9NXV2,ER,0.329167423,PEROXISOME,0.20877951756119728
Q8N392,ER,0.29198096,CYTOSOL,0.5291635990142822
Q9P0J7,CYTOSOL,0.54200018,PROTEASOME,0.6859849337488413
Q7L4I2,ER,0.222312388,NUCLEUS/CHROMATIN,0.780022531747818
O94855,RIBOSOME,0.313192523,GA,0.7011943235993385
Q99973,NUCLEUS/CHROMATIN,0.804779597,RIBOSOME,0.8422800302505493
Q9Y4B6-2,CYTOSOL,0.36519373299999996,PROTEASOME,0.7702857628464699
Q13627-2,NUCLEUS/CHROMATIN,0.616301652,RIBOSOME,0.39841753244400013
Q14106-2,RIBOSOME,0.669362407,NUCLEUS/CHROMATIN,0.5562160238623619
Q86YT6,ER,0.37900778399999996,RIBOSOME,0.5485864132642746
Q5TCZ1-3,PM,0.23666821,NUCLEUS/CHROMATIN,0.3850763291120529
Q86Y82,RIBOSOME,0.341983584,ER,0.4226135574281216
Q9UK45,CYTOSOL,0.439302026,NUCLEUS/CHROMATIN,0.3391716741025448
Q13492-3,RIBOSOME,0.26237906,PM,0.5300143714994192
Q86UU0-4,CYTOSOL,0.416519838,PROTEASOME,0.4633806608617306
Q9Y613,NUCLEUS/CHROMATIN,0.251674442,PROTEASOME,0.16005828231573105
O95163,CYTOSOL,0.509577403,PROTEASOME,0.6752693951129913
P42684-7,PM,0.329095869,GA,0.2645208239555359
Q9UP95,RIBOSOME,0.35738019299999996,ER,0.40235061198472977
O15027-5,CYTOSOL,0.286362717,PROTEASOME,0.5539111383259296
Q9UI12,PM,0.335133814,LYSOSOME,0.2409774046391249
Q9H270,ER,0.417907773,RIBOSOME,0.4740973860025406
Q9BWH2,MITOCHONDRION,0.432146445,LYSOSOME,0.4429067131131888
P11279,PM,0.34513695200000005,LYSOSOME,0.532857857644558
Q9BSW2-2,PM,0.429876936,ER,0.6039227247238159
Q96T51,ER,0.517851112,CYTOSOL,0.4257629904896021
Q96EB1,CYTOSOL,0.45694026600000004,PROTEASOME,0.7169954106211662
O95248-4,NUCLEUS/CHROMATIN,0.6820122409999999,RIBOSOME,0.37980744801461697
Q9H4H8,NUCLEUS/CHROMATIN,0.507329961,RIBOSOME,0.6074100583791733
Q15650,NUCLEUS/CHROMATIN,0.507767519,RIBOSOME,0.8446901738643646
Q2M1P5,NUCLEUS/CHROMATIN,0.39178143600000004,RIBOSOME,0.4865890145301819
Q9BVC4-5,NUCLEUS/CHROMATIN,0.382269862,RIBOSOME,0.6813205406069756
Q96Q15,NUCLEUS/CHROMATIN,0.605139281,RIBOSOME,0.7766838818788528
Q9UM22-2,LYSOSOME,0.506713129,MITOCHONDRION,0.7629545480012894
Q8NFH4,CYTOSOL,0.35621322200000005,NUCLEUS/CHROMATIN,0.38635217770934105
Q96QZ7-6,RIBOSOME,0.271513472,NUCLEUS/CHROMATIN,0.4119618590921164
Q86W56,NUCLEUS/CHROMATIN,0.386780566,PROTEASOME,0.5251198522746563
Q9H9T3-2,CYTOSOL,0.424111497,PROTEASOME,0.7412133626639843
P07196,NUCLEUS/CHROMATIN,0.356816817,CYTOSOL,0.2232587039470673
O14966,ER,0.740481265,PM,0.4981199149042368
Q9H694,NUCLEUS/CHROMATIN,0.47703081700000005,RIBOSOME,0.4779028221964836
Q15311,NUCLEUS/CHROMATIN,0.33361515199999997,PROTEASOME,0.31554557010531425
Q03135,NUCLEUS/CHROMATIN,0.302793725,PM,0.4393261489458382
Q8TEA8,CYTOSOL,0.399068976,NUCLEUS/CHROMATIN,0.2926468104124069
Q9NQ11,PM,0.36408678,LYSOSOME,0.581893302500248
Q9H9L3,RIBOSOME,0.577495475,NUCLEUS/CHROMATIN,0.9643530994653702
Q9Y6D6,CYTOSOL,0.67280671,PROTEASOME,0.4689089095336385
Q9UKR5,ER,0.848667726,PM,0.6196555867791176
O43657,PM,0.346300586,LYSOSOME,0.2575317583978176
P54284-5,PM,0.221220365,NUCLEUS/CHROMATIN,0.33276405557990074
Q709C8-3,PM,0.206015859,RIBOSOME,0.343791825696826
Q5BKY9,NUCLEUS/CHROMATIN,0.7914388370000001,RIBOSOME,0.4742604419589042
Q5VTB9-3,CYTOSOL,0.535052129,PROTEASOME,0.4076635667588562
Q96PU5-6,PM,0.463764598,ER,0.31229439936578274
Q9HB90,PM,0.273817772,LYSOSOME,0.2358856052160263
Q2M296-2,NUCLEUS/CHROMATIN,0.491278039,RIBOSOME,0.5283492393791676
Q6ZTW0-2,RIBOSOME,0.309315347,NUCLEUS/CHROMATIN,0.5258371774107218
A6NCE7,NUCLEUS/CHROMATIN,0.40318339,RIBOSOME,0.6490469798445702
P78537-2,ER,0.323480624,RIBOSOME,0.40327032282948494
P98173-3,GA,0.624244762,PM,0.6096902815625072
P58005,NUCLEUS/CHROMATIN,0.37236465799999996,PROTEASOME,0.20104512758553028
A1L390-3,PM,0.243132159,MITOCHONDRION,0.3299182020127773
Q8TE02-3,CYTOSOL,0.387802601,PROTEASOME,0.6572339478880167
Q9Y5U2-2,NUCLEUS/CHROMATIN,0.464126531,PROTEASOME,0.7327729612588882
Q9UKJ3,CYTOSOL,0.402741225,PROTEASOME,0.39569878950715065
Q9BX66-4,MITOCHONDRION,0.46980504700000003,PM,0.4971860703080893
Q8TCE6-2,ER,0.377086904,PEROXISOME,0.5000888630747795
Q6GQQ9-2,CYTOSOL,0.326796933,NUCLEUS/CHROMATIN,0.1990220881998539
Q9P2M7,NUCLEUS/CHROMATIN,0.440971512,MITOCHONDRION,0.4085888955742121
Q658Y4,NUCLEUS/CHROMATIN,0.44812358700000005,RIBOSOME,0.6515400409698486
Q9UBF2,CYTOSOL,0.21890607399999998,PROTEASOME,0.3892204109579325
Q9Y3T6-3,NUCLEUS/CHROMATIN,0.364921276,PROTEASOME,0.188575298525393
Q16864,ER,0.45349941200000005,CYTOSOL,0.21269838139414787
P08572,ER,0.438069864,PM,0.4281493537127972
Q6IA86-2,CYTOSOL,0.636484693,PROTEASOME,0.5422017140081152
O95071-2,CYTOSOL,0.535443832,PROTEASOME,0.6848131809383631
O75382,NUCLEUS/CHROMATIN,0.71633039,RIBOSOME,0.4417971633374691
O00512,CYTOSOL,0.286869074,PEROXISOME,0.2333219349384308
P46976-2,NUCLEUS/CHROMATIN,0.713783906,PROTEASOME,0.5585061982274055
Q96L93-4,ER,0.624823978,PEROXISOME,0.683037132024765
P27986,NUCLEUS/CHROMATIN,0.222205065,RIBOSOME,0.2582036890089512
Q7LBC6,CYTOSOL,0.38834602100000004,NUCLEUS/CHROMATIN,0.4960849359631538
Q14457,CYTOSOL,0.246893213,PROTEASOME,0.28660478815436363
Q13488,PM,0.328931239,LYSOSOME,0.5032466053962708
O43164-2,CYTOSOL,0.651890734,PROTEASOME,0.5202096641296521
Q14161,NUCLEUS/CHROMATIN,0.29663205600000003,PROTEASOME,0.3740263879299164
Q9P021,RIBOSOME,0.588372579,NUCLEUS/CHROMATIN,0.5914065316319466
Q14746-2,CYTOSOL,0.450631386,PROTEASOME,0.4754585400223732
Q9HBF4-3,ER,0.496279123,PEROXISOME,0.392973318696022
Q8TDY2-2,NUCLEUS/CHROMATIN,0.197033625,PROTEASOME,0.2763997353613377
Q8IYB1,ER,0.320490123,PEROXISOME,0.3243206851184368
P61421,PM,0.626814477,ER,0.3626687144860625
O43822-2,NUCLEUS/CHROMATIN,0.376270741,PROTEASOME,0.31546095199882984
Q8N4C8,GA,0.431093186,PM,0.3697586553171277
Q9BQI0-3,PM,0.38924876799999997,CYTOSOL,0.379890650510788
P14373-2,NUCLEUS/CHROMATIN,0.821351098,RIBOSOME,0.6038737520575523
O95487-2,RIBOSOME,0.305995539,GA,0.6442146673798561
O75962-4,NUCLEUS/CHROMATIN,0.348941225,PROTEASOME,0.2266537509858608
Q08380,PM,0.389720067,LYSOSOME,0.7068449929356575
Q9NZ72-2,ER,0.406742114,CYTOSOL,0.4191464819014072
Q8WTW3,CYTOSOL,0.5075875670000001,PROTEASOME,0.4400047439849004
Q6PL24,CYTOSOL,0.26554592899999996,PM,0.2272369060665369
Q9UBI1,ER,0.30548732300000003,PEROXISOME,0.5392524525523186
Q9H1D9,NUCLEUS/CHROMATIN,0.44534536700000005,PROTEASOME,0.6459470856934786
Q8NBF6,CYTOSOL,0.386032592,PROTEASOME,0.2850083187222481
Q15746-4,MITOCHONDRION,0.38638366700000004,PM,0.4689625911414623
Q5T4S7-3,CYTOSOL,0.369111595,PROTEASOME,0.7602980881929398
O94822,NUCLEUS/CHROMATIN,0.8254660979999999,RIBOSOME,0.6497699916362762
Q13426-3,NUCLEUS/CHROMATIN,0.836822125,RIBOSOME,0.4769817627966404
Q6ZNL6,PM,0.296248067,MITOCHONDRION,0.13231059350073338
Q96SN8-2,NUCLEUS/CHROMATIN,0.49713819200000003,RIBOSOME,0.4124106355011463
Q9UKV5,PEROXISOME,0.512182737,ER,0.5333660691976547
Q5VWQ0,NUCLEUS/CHROMATIN,0.545618834,RIBOSOME,0.6982400342822075
Q96KC2,ER,0.489189715,PM,0.2804046683013439
Q13613-2,NUCLEUS/CHROMATIN,0.5190621,RIBOSOME,0.3054440412670374
O95670,PM,0.380661095,MITOCHONDRION,0.6590956524014473
O94915,NUCLEUS/CHROMATIN,0.431451956,RIBOSOME,0.4862144961953163
P20839-2,CYTOSOL,0.629164381,PROTEASOME,0.5487007622141391
Q9H4L7,CYTOSOL,0.35268582299999995,NUCLEUS/CHROMATIN,0.3015217073261738
Q9UBV7,PM,0.407397813,GA,0.39859288465231657
Q6IQ19-2,LYSOSOME,0.522214241,MITOCHONDRION,0.7422524690628052
P49815-5,NUCLEUS/CHROMATIN,0.479295304,RIBOSOME,0.4165341407060623
Q969W9-3,ER,0.47137290000000004,PM,0.3945606648921967
Q66GS9,NUCLEUS/CHROMATIN,0.403830126,RIBOSOME,0.4365212097764015
Q9Y6Y0,NUCLEUS/CHROMATIN,0.312715864,PROTEASOME,0.8340833336114883
Q7L5Y9,CYTOSOL,0.391969711,PROTEASOME,0.6557773835957049
Q13049,ER,0.40305345,GA,0.29847704991698265
Q13614,NUCLEUS/CHROMATIN,0.429934486,PROTEASOME,0.3224900998175144
Q9BVA0,NUCLEUS/CHROMATIN,0.442681435,PROTEASOME,0.3254661951214075
Q7L0J3-2,ER,0.36394271899999997,RIBOSOME,0.4939621798694134
Q00973,ER,0.5274727570000001,GA,0.5724618099629879
P57060,NUCLEUS/CHROMATIN,0.310806801,PROTEASOME,0.182158537209034
Q16512,NUCLEUS/CHROMATIN,0.315764678,PROTEASOME,0.18660422321408987
Q9P2Y5,ER,0.262252716,RIBOSOME,0.5218498855829239
P15923-2,CYTOSOL,0.250502529,NUCLEUS/CHROMATIN,0.4504002034664154
Q9C0I1-3,NUCLEUS/CHROMATIN,0.32285094,PROTEASOME,0.2834895141422749
Q9H1E5,ER,0.562311996,PM,0.6412392295897007
O14782,NUCLEUS/CHROMATIN,0.413745597,PROTEASOME,0.29463766142725945
Q9H6S3,PM,0.26606942699999997,CYTOSOL,0.3007823452353477
Q8WV99-2,ER,0.29365784100000003,RIBOSOME,0.23149689752608535
Q0JRZ9,NUCLEUS/CHROMATIN,0.260986779,CYTOSOL,0.2668503820896149
Q9C037-2,PM,0.398057218,RIBOSOME,0.3785000741481781
Q8ND90,NUCLEUS/CHROMATIN,0.424695046,PROTEASOME,0.4034804292023182
Q14145,CYTOSOL,0.28971947,PROTEASOME,0.2507195509970188
Q9UJY4,CYTOSOL,0.325424284,NUCLEUS/CHROMATIN,0.21633771434426308
Q9Y6R4-2,NUCLEUS/CHROMATIN,0.348545139,PROTEASOME,0.7215668372809887
Q9H0C5,NUCLEUS/CHROMATIN,0.785046366,RIBOSOME,0.4516316466033458
O75167-5,PM,0.294709871,CYTOSOL,0.16004242934286594
Q6P1L5,NUCLEUS/CHROMATIN,0.58584587,RIBOSOME,0.4553009904921055
Q9HAN9,RIBOSOME,0.692495393,NUCLEUS/CHROMATIN,0.853280782699585
P15735-2,CYTOSOL,0.478123336,PROTEASOME,0.7251592632383108
P13646-3,ER,0.433719956,NUCLEUS/CHROMATIN,0.4518680851906538
Q09019,PM,0.261331228,PEROXISOME,0.22900052182376385
Q9BYG5,MITOCHONDRION,0.336114456,PM,0.5899844635277987
Q9Y4J8-13,MITOCHONDRION,0.47019088299999995,PM,0.4826345629990101
Q5VST6,PM,0.49432314200000005,GA,0.3336765058338642
Q96RS0,CYTOSOL,0.49791863299999994,PROTEASOME,0.6144199948757887
Q9NWU2,CYTOSOL,0.541421175,PROTEASOME,0.6667392617091537
Q9BW27-3,CYTOSOL,0.40075639700000004,NUCLEUS/CHROMATIN,0.39432953111827374
Q96M27,RIBOSOME,0.450901729,GA,0.5987750478088856
Q12851-2,NUCLEUS/CHROMATIN,0.398255549,PROTEASOME,0.3141062632203102
Q8IY63-2,MITOCHONDRION,0.422386514,PM,0.4848680505529046
Q9UPY6-2,PM,0.5310567389999999,GA,0.33312251418828964
Q9NZJ0,NUCLEUS/CHROMATIN,0.497528276,PROTEASOME,0.39399863407015795
Q9BUR4,NUCLEUS/CHROMATIN,0.656984382,PROTEASOME,0.5251517239958048
Q14493-2,NUCLEUS/CHROMATIN,0.7880891529999999,RIBOSOME,0.4830234311521053
Q9UMX1-2,NUCLEUS/CHROMATIN,0.40899642399999997,CYTOSOL,0.23945729807019234
Q9UNH6,ER,0.307230175,RIBOSOME,0.19406040571629998
O15116,CYTOSOL,0.31263437,PROTEASOME,0.2745566805824637
O60504,PM,0.255936993,NUCLEUS/CHROMATIN,0.2155001163482666
Q6ZSJ8,RIBOSOME,0.30179982899999996,ER,0.28580914810299873
Q96BH1,NUCLEUS/CHROMATIN,0.39790560399999997,CYTOSOL,0.3282266221940517
Q9Y366,NUCLEUS/CHROMATIN,0.530391078,RIBOSOME,0.30251414887607103
Q9H269-2,ER,0.40370845,RIBOSOME,0.496310792863369
O95628-9,RIBOSOME,0.381250748,ER,0.4314344488084316
Q92870,ER,0.592399024,PEROXISOME,0.379272535443306
P18850,ER,0.784063188,PEROXISOME,0.5680509470403194
P53675,RIBOSOME,0.269146478,PM,0.3105831192806363
Q9BZF3-4,ER,0.38042315,PEROXISOME,0.2649194188416004
Q9Y312,CYTOSOL,0.51797887,PROTEASOME,0.5369074577465653
Q9BRK4,NUCLEUS/CHROMATIN,0.387447263,PM,0.4357528379186988
Q9H9H4,PM,0.274895151,NUCLEUS/CHROMATIN,0.27701307460665703
Q6UUV7-3,CYTOSOL,0.37843804,PROTEASOME,0.3100468362681568
Q96RF0-2,NUCLEUS/CHROMATIN,0.316140229,PROTEASOME,0.3398030251264572
Q8IXL7-2,ER,0.601147376,PEROXISOME,0.31522274762392044
Q8NEW0,PM,0.290644673,GA,0.5864167138934135
O14775-2,NUCLEUS/CHROMATIN,0.24338175199999998,PROTEASOME,0.3938229903578758
Q9Y324,RIBOSOME,0.517706535,NUCLEUS/CHROMATIN,0.9723169654607772
O15084,CYTOSOL,0.499523889,PROTEASOME,0.5671240612864494
Q7L804,RIBOSOME,0.292488423,ER,0.4486953243613243
P49903-2,CYTOSOL,0.431247028,NUCLEUS/CHROMATIN,0.5712491981685162
Q14849-2,PM,0.526383885,ER,0.3107450306415558
O75487,PM,0.524252623,ER,0.5232261978089809
Q6N069,RIBOSOME,0.46964759999999994,NUCLEUS/CHROMATIN,0.5172676742076874
Q9H6X2,PM,0.46550437,ER,0.5699950978159904
O75190-3,NUCLEUS/CHROMATIN,0.26156889899999997,ER,0.1625115666538477
Q13480-2,PM,0.39833329700000003,CYTOSOL,0.3335428908467293
Q9H7S9,CYTOSOL,0.34513372700000006,PEROXISOME,0.269407581537962
Q5T7V8,PM,0.33216515399999996,GA,0.3879570364952088
Q6ICG6-3,CYTOSOL,0.33896427100000004,PROTEASOME,0.30908266454935074
P36222,ER,0.352198611,GA,0.34499591682106256
Q13325,NUCLEUS/CHROMATIN,0.44579641700000006,PROTEASOME,0.4942890517413616
P02656,PM,0.43304057799999995,RIBOSOME,0.4470284134149552
Q9NX01,NUCLEUS/CHROMATIN,0.423211213,PROTEASOME,0.4141967222094536
Q5VU43-2,CYTOSOL,0.41971968299999995,PROTEASOME,0.6523939222097397
Q9H1I8-3,NUCLEUS/CHROMATIN,0.670585516,RIBOSOME,0.8967635035514832
Q13574-6,NUCLEUS/CHROMATIN,0.569568475,PROTEASOME,0.3937847726047039
Q9P2N2,PM,0.36857997,GA,0.16949372366070747
Q8N122-3,NUCLEUS/CHROMATIN,0.200199911,RIBOSOME,0.4304647669196129
P61923-5,CYTOSOL,0.429892606,PROTEASOME,0.6737220175564289
O95486,ER,0.241429908,GA,0.5411287136375904
Q9NX47,PM,0.504578788,MITOCHONDRION,0.35102881491184235
Q6P2H3-4,NUCLEUS/CHROMATIN,0.405596196,PROTEASOME,0.2897342480719089
Q9UPN7,CYTOSOL,0.606326638,PROTEASOME,0.5126648214645684
Q6AI08,NUCLEUS/CHROMATIN,0.376876009,PROTEASOME,0.445646857842803
Q8IZ73,CYTOSOL,0.607943366,PROTEASOME,0.5644242668058723
Q9BUE0,CYTOSOL,0.397640992,NUCLEUS/CHROMATIN,0.5382810011506081
Q5HYK7-2,NUCLEUS/CHROMATIN,0.505347179,RIBOSOME,0.4990842677652836
Q8WXW3,ER,0.305171338,RIBOSOME,0.4630260691046715
Q16774,CYTOSOL,0.31536883,MITOCHONDRION,0.4142330922186375
Q4VCS5,MITOCHONDRION,0.529239912,PM,0.3892971482127905
Q9NRM2,NUCLEUS/CHROMATIN,0.583976694,RIBOSOME,0.7284893169999123
Q8IXW5-2,CYTOSOL,0.429438311,PROTEASOME,0.5038796700537205
Q8NAV1,RIBOSOME,0.20105008300000002,NUCLEUS/CHROMATIN,0.5731204673647879
Q8N4C6-7,NUCLEUS/CHROMATIN,0.832036672,RIBOSOME,0.6292587369680405
P23743,NUCLEUS/CHROMATIN,0.357751974,PROTEASOME,0.3266430255025625
Q8NCE2-2,CYTOSOL,0.255013604,PEROXISOME,0.17399086244404316
Q9H871,CYTOSOL,0.301094541,PROTEASOME,0.7642921805381775
Q9C0H9-5,RIBOSOME,0.280390897,NUCLEUS/CHROMATIN,0.7258845120668411
Q86X83-2,ER,0.35370004200000005,PEROXISOME,0.5337382480502129
Q9NR09,CYTOSOL,0.359853741,PROTEASOME,0.8017498478293419
Q9UL54,ER,0.256507503,CYTOSOL,0.535630889236927
P17302,ER,0.595405662,PM,0.4313455279916525
O43303-2,CYTOSOL,0.36584978100000004,PROTEASOME,0.22674079984426496
Q15013,CYTOSOL,0.244120547,PEROXISOME,0.2629733979701996
Q9H7D7-2,CYTOSOL,0.437518397,PROTEASOME,0.6777957752346992
O75592-2,NUCLEUS/CHROMATIN,0.801348885,RIBOSOME,0.7662147730588913
Q70J99,NUCLEUS/CHROMATIN,0.367182905,PROTEASOME,0.2256736308336258
Q8IUR7-7,CYTOSOL,0.403803465,PROTEASOME,0.7097440250217915
P51798-2,PM,0.49390152200000004,LYSOSOME,0.42733651399612427
Q96SK2-3,PM,0.40607139700000006,NUCLEUS/CHROMATIN,0.5196775272488594
P56937-3,PM,0.608195071,ER,0.4410049747675657
Q9Y597,PM,0.232901136,NUCLEUS/CHROMATIN,0.4573469869792461
Q9BXS4,ER,0.373053608,GA,0.3421788737177849
Q9BZL6,NUCLEUS/CHROMATIN,0.374990485,PROTEASOME,0.4832471013069153
Q9BXP2,ER,0.47392460799999997,GA,0.473486915230751
O15234,NUCLEUS/CHROMATIN,0.533684748,RIBOSOME,0.8064657524228096
P33981-2,RIBOSOME,0.35773774700000005,NUCLEUS/CHROMATIN,0.3578552342951298
Q9UK97-3,CYTOSOL,0.5355610479999999,PROTEASOME,0.4326979997567833
Q06547-4,CYTOSOL,0.62866209,NUCLEUS/CHROMATIN,0.4482732294127345
Q9H3Y8,LYSOSOME,0.312084503,MITOCHONDRION,0.6914784759283066
Q9Y3M8,NUCLEUS/CHROMATIN,0.403164249,PROTEASOME,0.3832210060209036
Q86X95,NUCLEUS/CHROMATIN,0.47438984799999995,RIBOSOME,0.4854545425623655
P56282-2,CYTOSOL,0.406507725,PROTEASOME,0.3949176203459501
Q9Y4F5-3,NUCLEUS/CHROMATIN,0.39769180600000004,PROTEASOME,0.2614075662568212
Q9BV73-2,NUCLEUS/CHROMATIN,0.350295554,MITOCHONDRION,0.20898828841745853
Q9P2A4-2,NUCLEUS/CHROMATIN,0.18102980899999999,RIBOSOME,0.5842113271355629
Q96QD8,PM,0.5778822889999999,ER,0.5361857973039149
O95081,ER,0.311265206,NUCLEUS/CHROMATIN,0.2392747178673744
P63272,CYTOSOL,0.48550310799999996,NUCLEUS/CHROMATIN,0.6993202641606331
O43299,NUCLEUS/CHROMATIN,0.27134513,RIBOSOME,0.5013714432716371
Q14244,NUCLEUS/CHROMATIN,0.658621375,RIBOSOME,0.5575893856585026
Q9BRQ0,CYTOSOL,0.476028154,PROTEASOME,0.2911498369649053
Q9H6S1,PM,0.275821476,MITOCHONDRION,0.30275674536824226
Q2VPB7,NUCLEUS/CHROMATIN,0.370309502,RIBOSOME,0.5928873084485531
O15020,MITOCHONDRION,0.47879881399999996,PM,0.36762621626257896
Q92844,CYTOSOL,0.380127217,PROTEASOME,0.3602940607815981
Q86SJ2,ER,0.597069489,PM,0.6487974524497986
Q92667,PM,0.190147285,MITOCHONDRION,0.2748701013624668
Q6BDS2,CYTOSOL,0.35006689399999996,PROTEASOME,0.5418224409222603
Q13286-4,ER,0.409320675,GA,0.5777550358325243
Q9H1K0,CYTOSOL,0.211197544,PROTEASOME,0.2694801427423954
Q7Z5L2-2,CYTOSOL,0.5175114120000001,PROTEASOME,0.5115649262443185
Q5VTE6-2,NUCLEUS/CHROMATIN,0.503171258,PROTEASOME,0.28582992032170296
Q93100-2,CYTOSOL,0.35459280200000004,PROTEASOME,0.7542289271950722
Q96ED9-2,NUCLEUS/CHROMATIN,0.279841916,PROTEASOME,0.6765543296933174
Q9BY49,ER,0.8726546190000001,PEROXISOME,0.6874946728348732
Q99571,PM,0.451031316,LYSOSOME,0.4511526301503182
Q13615-3,ER,0.449867491,GA,0.36491379886865616
Q9BQD3,ER,0.45234005,PEROXISOME,0.4872934706509113
Q9BTX1-6,PM,0.494215907,NUCLEUS/CHROMATIN,0.3783726245164871
P51790-4,ER,0.356631044,RIBOSOME,0.4732876513153314
Q96EK9,NUCLEUS/CHROMATIN,0.404565488,PROTEASOME,0.40988216176629066
O15037,NUCLEUS/CHROMATIN,0.355747814,RIBOSOME,0.3599345311522484
Q96RK0,CYTOSOL,0.42240651700000004,NUCLEUS/CHROMATIN,0.3032261021435261
O95613-2,NUCLEUS/CHROMATIN,0.39601196,GA,0.3972475081682205
Q96JG8-2,CYTOSOL,0.354452004,PROTEASOME,0.5294133592396975
Q7L7V1-2,ER,0.264022295,CYTOSOL,0.19718013145029545
Q96HI0-2,NUCLEUS/CHROMATIN,0.532269651,RIBOSOME,0.4981429520994425
Q8NC06-2,ER,0.380204975,PEROXISOME,0.4811412654817104
Q9HD40,CYTOSOL,0.631526128,PROTEASOME,0.6278729150071739
Q13009-2,PM,0.351294526,NUCLEUS/CHROMATIN,0.3388658054172993
Q9H3H1-4,NUCLEUS/CHROMATIN,0.264929119,MITOCHONDRION,0.4030971564352512
Q63HR2-5,NUCLEUS/CHROMATIN,0.366473603,RIBOSOME,0.1684236228466034
Q9NU19,CYTOSOL,0.44944141299999996,PROTEASOME,0.5066139786504209
Q8IWE5,ER,0.22426015,RIBOSOME,0.20556672289967534
Q6ZU80-1,LYSOSOME,0.795387941,MITOCHONDRION,0.5545385852456093
Q07864,NUCLEUS/CHROMATIN,0.43205049700000003,PROTEASOME,0.3741683382540941
P25098,CYTOSOL,0.25372903,PROTEASOME,0.2229871526360512
Q13686,NUCLEUS/CHROMATIN,0.38601149799999995,MITOCHONDRION,0.4697517678141594
Q9UKG9,ER,0.600647148,PEROXISOME,0.7489699423313141
O15182,NUCLEUS/CHROMATIN,0.255919711,RIBOSOME,0.1764298677444458
O00463,NUCLEUS/CHROMATIN,0.204876095,RIBOSOME,0.2385467551648617
Q06546,CYTOSOL,0.38483211700000003,NUCLEUS/CHROMATIN,0.5319650303572416
P16383,NUCLEUS/CHROMATIN,0.466890415,PROTEASOME,0.5945872738957405
Q6ZRV2,NUCLEUS/CHROMATIN,0.42248771,PROTEASOME,0.2963659837841988
Q969Z3-2,NUCLEUS/CHROMATIN,0.28176005,MITOCHONDRION,0.3802015706896782
Q5XG87,NUCLEUS/CHROMATIN,0.5321588,RIBOSOME,0.5315461978316307
Q00013-2,PM,0.26010858800000003,RIBOSOME,0.20636031590402126
Q92558,PM,0.357138285,GA,0.24475294537842274
Q9NW75,NUCLEUS/CHROMATIN,0.390053693,PROTEASOME,0.5011947364546359
Q92994-5,CYTOSOL,0.513800912,NUCLEUS/CHROMATIN,0.4300706759095192
Q8TEP8-3,NUCLEUS/CHROMATIN,0.236273487,MITOCHONDRION,0.19253647699952128
Q8NBT0-2,NUCLEUS/CHROMATIN,0.462641301,RIBOSOME,0.8277684748172759
Q15283-2,PM,0.37688298299999995,GA,0.3159232847392559
Q92551,ER,0.39344339700000003,PEROXISOME,0.31843496672809124
Q8WWN8,NUCLEUS/CHROMATIN,0.277769818,RIBOSOME,0.19887129962444305
Q68DH5,ER,0.348423025,RIBOSOME,0.7127639204263687
Q96RT6,ER,0.8648597720000001,PEROXISOME,0.6513259783387184
Q9BXC9,NUCLEUS/CHROMATIN,0.498211909,PROTEASOME,0.3277855813503265
Q8NI08-2,CYTOSOL,0.34802805700000006,PROTEASOME,0.2875032597221434
Q7Z7A4-5,ER,0.761519717,PEROXISOME,0.35028766095638275
Q9Y4C2-2,CYTOSOL,0.362405175,PROTEASOME,0.2720829714089632
Q96S59,CYTOSOL,0.517536815,PROTEASOME,0.6731837689876556
O15488-3,RIBOSOME,0.260573331,NUCLEUS/CHROMATIN,0.3833160568028688
Q9Y6A4,CYTOSOL,0.43017082100000004,NUCLEUS/CHROMATIN,0.3130321651697159
Q9UHY8,CYTOSOL,0.45235546600000004,PROTEASOME,0.44105931743979454
Q8NBN3,ER,0.5997280770000001,GA,0.5480958521366119
Q9UL63,CYTOSOL,0.518446391,PROTEASOME,0.5895628239959478
O00459,ER,0.323509715,CYTOSOL,0.4050809666514397
Q9BPZ7-3,NUCLEUS/CHROMATIN,0.53293099,RIBOSOME,0.7590063139796257
Q14999,NUCLEUS/CHROMATIN,0.29547111800000003,PROTEASOME,0.7538914456963539
P55001-3,PM,0.532810765,ER,0.4376347176730633
Q92805,PM,0.27302798100000003,CYTOSOL,0.2576278131455183
Q96F63,CYTOSOL,0.467073691,PROTEASOME,0.5577941574156284
O94886,ER,0.41445505200000005,RIBOSOME,0.3216724880039692
Q9NRR4-2,RIBOSOME,0.5807126220000001,NUCLEUS/CHROMATIN,0.5392426438629627
Q8TB40-2,PM,0.32871090000000003,MITOCHONDRION,0.19259822741150856
Q96DM3,PM,0.570965414,ER,0.4184923358261585
O95397,ER,0.320199991,PEROXISOME,0.22763974219560626
Q9Y6X5,ER,0.306103295,GA,0.5787620153278112
Q8IUC4,PM,0.27396386300000003,CYTOSOL,0.3881706334650517
P51688,LYSOSOME,0.836079281,MITOCHONDRION,0.4491955563426018
Q96DX7,CYTOSOL,0.253935995,MITOCHONDRION,0.247902762144804
Q9Y6I8,ER,0.7076543890000001,PEROXISOME,0.7079040929675102
Q8IZQ1-2,ER,0.27647108600000003,RIBOSOME,0.28244389966130257
Q8TEH3,RIBOSOME,0.514657447,NUCLEUS/CHROMATIN,0.545400470495224
Q8IWZ6-2,NUCLEUS/CHROMATIN,0.472394441,RIBOSOME,0.3321005869656801
Q9P2B7,NUCLEUS/CHROMATIN,0.5106660789999999,RIBOSOME,0.5167524740099907
Q12894,NUCLEUS/CHROMATIN,0.5925022560000001,RIBOSOME,0.9689287841320038
Q92581-2,ER,0.47259919200000006,RIBOSOME,0.3858773782849312
O43169,ER,0.657436044,PM,0.5661911740899086
Q9Y4G8,NUCLEUS/CHROMATIN,0.473815055,RIBOSOME,0.3167833033949137
Q9H6R7-2,CYTOSOL,0.306879964,PROTEASOME,0.764264777302742
Q8N4L2,PM,0.333399422,GA,0.4228753820061684
Q13191-3,NUCLEUS/CHROMATIN,0.317128466,RIBOSOME,0.2786672636866569
Q13772,ER,0.550311058,RIBOSOME,0.3737684153020382
Q9Y4E6-2,PM,0.245106611,RIBOSOME,0.4825356900691986
Q8NI35,MITOCHONDRION,0.306841691,PM,0.4696725942194462
Q6UVJ0,NUCLEUS/CHROMATIN,0.412167675,RIBOSOME,0.399020716547966
Q8WV41,NUCLEUS/CHROMATIN,0.31780262600000003,PROTEASOME,0.3128361515700817
Q07817-2,PM,0.470988905,ER,0.18272723630070686
P48200,CYTOSOL,0.369952254,PROTEASOME,0.4884875789284706
Q14596-2,ER,0.22121724399999998,RIBOSOME,0.820072665810585
Q5VT06,NUCLEUS/CHROMATIN,0.623061613,RIBOSOME,0.3166414313018322
Q13114,ER,0.34468740700000006,RIBOSOME,0.3654740639030933
Q5VU92,NUCLEUS/CHROMATIN,0.4554107,PROTEASOME,0.26567595824599266
O15063,NUCLEUS/CHROMATIN,0.441234256,RIBOSOME,0.2942880019545555
Q6NWY9-2,NUCLEUS/CHROMATIN,0.464130062,PROTEASOME,0.4627687260508537
Q01850,ER,0.6568690970000001,PEROXISOME,0.6188951730728149
O75140-1,NUCLEUS/CHROMATIN,0.440441265,RIBOSOME,0.3721158131957054
P13473-2,LYSOSOME,0.45679541700000004,MITOCHONDRION,0.4893491789698601
Q9UKI2,ER,0.435569046,PM,0.24892719741910696
Q5T2E6,PM,0.45798031899999997,LYSOSOME,0.20806252490729094
P14780,ER,0.443733683,PM,0.5276663582772017
Q86XT9,ER,0.43459950399999997,RIBOSOME,0.24286244623363015
O15243,RIBOSOME,0.31919637100000003,NUCLEUS/CHROMATIN,0.3876514262519777
Q99650,PM,0.478045053,ER,0.4853578098118305
Q9Y2G1-2,PM,0.47065914700000006,ER,0.4596337806433439
P46020-3,CYTOSOL,0.41164797799999997,PROTEASOME,0.7860876023769379
Q8IWF6,ER,0.5629323279999999,PEROXISOME,0.2461965326219797
O75808,PM,0.31651553600000004,PEROXISOME,0.190826129168272
Q9H668,NUCLEUS/CHROMATIN,0.474369757,PROTEASOME,0.37778136413544416
Q9BQG2,ER,0.353414835,CYTOSOL,0.4090465120971203
Q86U90,CYTOSOL,0.37062471799999996,PEROXISOME,0.30129025131464005
O43933,ER,0.492702366,PEROXISOME,0.7750571817159653
Q9Y3B6,PM,0.362426508,NUCLEUS/CHROMATIN,0.2547924220561981
Q08722-2,MITOCHONDRION,0.354061746,PM,0.7561523579061031
Q7L523,PM,0.273111657,LYSOSOME,0.4045648165047169
Q5TCQ9-4,NUCLEUS/CHROMATIN,0.249818125,PM,0.2377400305122137
Q12923-3,MITOCHONDRION,0.34847519299999996,PM,0.6661686766892672
Q9GZN7,PM,0.22094493199999998,GA,0.4638715870678425
Q86WC4,PM,0.392330533,LYSOSOME,0.6310117095708847
Q8WYQ9,RIBOSOME,0.49708665,NUCLEUS/CHROMATIN,0.4357338529080153
Q9P0N9,NUCLEUS/CHROMATIN,0.34547055299999996,RIBOSOME,0.4241549931466579
Q6EMK4,ER,0.480134079,PM,0.6621824130415916
P49810-3,PM,0.471167826,ER,0.6630348861217499
Q56P03,NUCLEUS/CHROMATIN,0.42548310799999994,PROTEASOME,0.5241971323266625
O75943-3,NUCLEUS/CHROMATIN,0.41888594799999995,PROTEASOME,0.4644418098032474
Q7Z412,ER,0.357420334,PEROXISOME,0.8740125447511673
Q6ZN54,ER,0.49715217899999997,PEROXISOME,0.3360314667224884
Q8N960-2,RIBOSOME,0.263637045,GA,0.5941489469259977
P34913,ER,0.311873289,PEROXISOME,0.5274746064096689
Q8NBJ9,ER,0.459896956,GA,0.35516950115561485
Q7Z6B7-2,PM,0.508876468,ER,0.2014232538640499
Q53SF7-2,PM,0.24427570399999998,NUCLEUS/CHROMATIN,0.5766162686049938
Q8TEQ0-2,ER,0.38300388399999996,CYTOSOL,0.5124269351363182
Q8NC54,ER,0.49269697,GA,0.7524338513612747
Q8WXX7-2,PM,0.308414084,PEROXISOME,0.18458088301122189
Q9HBG6-3,RIBOSOME,0.328498342,NUCLEUS/CHROMATIN,0.7289637327194214
P51955-3,NUCLEUS/CHROMATIN,0.38906750700000003,RIBOSOME,0.8003788739442825
Q9P2Q2,NUCLEUS/CHROMATIN,0.268471101,PROTEASOME,0.20700222998857495
Q96LZ7,PM,0.534929558,MITOCHONDRION,0.2792666368186474
Q96CN5,NUCLEUS/CHROMATIN,0.25992777899999997,LYSOSOME,0.33216338604688644
Q9HBD1,NUCLEUS/CHROMATIN,0.499821401,RIBOSOME,0.5129364430904388
Q9NSV4-1,NUCLEUS/CHROMATIN,0.421722789,RIBOSOME,0.4360027015209198
Q14728,ER,0.548426514,PM,0.6879069879651071
Q07617,PM,0.45291293,PEROXISOME,0.2380131334066391
Q8N2Y8,NUCLEUS/CHROMATIN,0.784382868,RIBOSOME,0.5706569589674473
Q9UHK0,NUCLEUS/CHROMATIN,0.609079339,RIBOSOME,0.5233021900057793
Q9ULI3,PM,0.495381874,ER,0.7043990045785904
O95835,PM,0.27030808100000003,NUCLEUS/CHROMATIN,0.2643359899520874
Q9C0B7,NUCLEUS/CHROMATIN,0.335188224,PROTEASOME,0.4672568086534738
Q9NY97-2,PM,0.533741046,GA,0.485447883605957
P02792,LYSOSOME,0.8516936620000001,MITOCHONDRION,0.4752879217267037
Q8TDJ6,PM,0.440464464,GA,0.5614389404654503
Q9NT68,PM,0.53088511,ER,0.4978100098669529
O75147-4,CYTOSOL,0.36392344,PROTEASOME,0.5276858918368816
P25391,PM,0.544768096,ER,0.40890858694911
Q9P215,CYTOSOL,0.42383750600000003,NUCLEUS/CHROMATIN,0.4974813424050808
Q14055,PM,0.195127933,RIBOSOME,0.2484393399208784
Q8N9L9,ER,0.44376822,PEROXISOME,0.6641523167490959
Q9NVE5,NUCLEUS/CHROMATIN,0.6127491110000001,PROTEASOME,0.59831702709198
Q9H6E5,CYTOSOL,0.626181449,PROTEASOME,0.4213055896107107
Q13496-2,ER,0.207866484,RIBOSOME,0.6497566103935242
O15287,NUCLEUS/CHROMATIN,0.313691868,PROTEASOME,0.3993496848270297
Q14687-2,PM,0.18786885399999997,RIBOSOME,0.4449179396033287
O95070,ER,0.23976823,GA,0.4956157058477402
O15169-2,NUCLEUS/CHROMATIN,0.291094062,PROTEASOME,0.3745666705071926
Q8NG27-3,NUCLEUS/CHROMATIN,0.408277105,PROTEASOME,0.5352854616940022
Q9P0M2,PM,0.204654539,MITOCHONDRION,0.4578362703323364
Q9NVC3,PM,0.37184240799999996,LYSOSOME,0.31950802728533745
P35626,NUCLEUS/CHROMATIN,0.298412847,RIBOSOME,0.2296068295836449
Q86WT1,NUCLEUS/CHROMATIN,0.610207311,PROTEASOME,0.3700353987514973
Q96K49,ER,0.636915792,GA,0.4428864195942879
O14526-2,NUCLEUS/CHROMATIN,0.262580522,PM,0.26702909357845783
Q8NFJ9,PM,0.296602319,CYTOSOL,0.2869461365044117
P54259,CYTOSOL,0.390712051,NUCLEUS/CHROMATIN,0.5106904581189156
O95171-3,PM,0.343965731,NUCLEUS/CHROMATIN,0.2344572711735964
E9PAV3,RIBOSOME,0.662189455,NUCLEUS/CHROMATIN,0.4715704936534166
A6NCS6,RIBOSOME,0.41554156600000003,NUCLEUS/CHROMATIN,0.7669554278254509
Q9P227,ER,0.352077097,NUCLEUS/CHROMATIN,0.31887225806713104
Q9BV10,ER,0.8770954590000001,PEROXISOME,0.44761524349451065
Q8NA72-3,PM,0.281667231,GA,0.20837483648210764
Q9UJA3-2,ER,0.231347677,RIBOSOME,0.3662237115204334
O95405-2,ER,0.6752120629999999,PEROXISOME,0.7618068605661392
O95528,ER,0.536701312,RIBOSOME,0.44033597595989693
Q8TAG9-2,PM,0.276704552,NUCLEUS/CHROMATIN,0.3197872191667557
A7E2V4-5,CYTOSOL,0.321342339,PROTEASOME,0.5196512304246426
Q5QP82,NUCLEUS/CHROMATIN,0.41500767899999996,CYTOSOL,0.3369542248547077
Q96MX0,RIBOSOME,0.674268483,NUCLEUS/CHROMATIN,0.6775546073913574
Q9P2E3,CYTOSOL,0.505509068,PROTEASOME,0.4751706309616566
Q9Y519,PM,0.35130712,GA,0.3787156157195568
O75815-2,ER,0.244917642,PROTEASOME,0.3069341871887445
P0CG31,CYTOSOL,0.309893515,ER,0.2895961403846741
Q8NHU3,ER,0.608193539,GA,0.30545543879270554
Q6P0Q8,CYTOSOL,0.338545065,PROTEASOME,0.8496676534414291
Q96T83,RIBOSOME,0.341202797,ER,0.5387447848916054
Q8N3Y1,CYTOSOL,0.348835025,PROTEASOME,0.3299690913408995
Q9Y664,NUCLEUS/CHROMATIN,0.34318847799999996,PROTEASOME,0.3864484801888466
Q96PY6-4,NUCLEUS/CHROMATIN,0.49238016,PROTEASOME,0.36618939973413933
Q9Y251-3,LYSOSOME,0.667985107,MITOCHONDRION,0.6484188884496689
Q96EY5-3,PM,0.290358923,RIBOSOME,0.26685724407434464
Q5W0V3-2,CYTOSOL,0.324244293,PROTEASOME,0.41233707033097744
Q96HR8-2,NUCLEUS/CHROMATIN,0.50673231,PROTEASOME,0.5399442035704851
Q07912,RIBOSOME,0.469604313,NUCLEUS/CHROMATIN,0.3647926766425371
Q13635,ER,0.47251254600000003,PM,0.494880024343729
P51530-4,CYTOSOL,0.494431761,PROTEASOME,0.4146138629876077
Q16394,PM,0.320657301,GA,0.7151322066783905
Q96DN5-2,NUCLEUS/CHROMATIN,0.20827071,PROTEASOME,0.25797564862295985
Q8IYN6,ER,0.36788277399999997,CYTOSOL,0.4562338888645172
P02765,PM,0.6012787789999999,ER,0.2595837898552418
Q5SQN1-2,PM,0.437168934,ER,0.5218215063214302
Q969R8,CYTOSOL,0.301644821,PEROXISOME,0.29981325007975107
Q8N653,PM,0.436151135,PROTEASOME,0.24757711216807365
Q96RL7-4,PM,0.272144367,MITOCHONDRION,0.2613723985850811
Q5VW36,NUCLEUS/CHROMATIN,0.651788183,RIBOSOME,0.6311790719628334
P17600-2,ER,0.602158215,RIBOSOME,0.3354712091386318
Q8N9F7-3,ER,0.21961487600000001,PEROXISOME,0.3020618483424187
Q7Z7G8-2,PM,0.287525009,GA,0.5288580358028412
Q5D1E8,ER,0.230192292,PEROXISOME,0.18603923916816711
O94916-4,CYTOSOL,0.373412102,NUCLEUS/CHROMATIN,0.4262372963130474
Q5T1V6-2,NUCLEUS/CHROMATIN,0.636136478,RIBOSOME,0.30168269388377666
Q14703,PM,0.658254469,GA,0.3913487493991852
P51788-4,ER,0.501889108,RIBOSOME,0.4326101653277874
Q8N1W1-4,NUCLEUS/CHROMATIN,0.440269016,PROTEASOME,0.5100861564278603
Q12955-5,NUCLEUS/CHROMATIN,0.491730155,MITOCHONDRION,0.37816919945180416
P49281-2,PM,0.564278315,ER,0.35572568606585264
A0JNW5,NUCLEUS/CHROMATIN,0.375847672,PROTEASOME,0.4264824613928795
Q9P299,CYTOSOL,0.665313146,PROTEASOME,0.4845384024083614
O60890,RIBOSOME,0.251310904,NUCLEUS/CHROMATIN,0.34857368003576994
Q96S38-2,ER,0.6248307479999999,PEROXISOME,0.6555856317281723
O00391,ER,0.436026604,GA,0.6405533999204636
Q9UKA4,ER,0.45304298299999995,PEROXISOME,0.2349757198244333
Q8N584,NUCLEUS/CHROMATIN,0.37199748299999996,PROTEASOME,0.24406687170267105
Q96EN8,CYTOSOL,0.549836023,PROTEASOME,0.5122497053816915
Q14004-2,RIBOSOME,0.83300486,NUCLEUS/CHROMATIN,0.4851725995540619
Q07890-2,CYTOSOL,0.37057481600000003,PROTEASOME,0.2851142566651106
P0CW24,NUCLEUS/CHROMATIN,0.6931376140000001,PROTEASOME,0.4771908596158028
Q6ZSS7,RIBOSOME,0.381068033,ER,0.4233237355947495
O94986-3,PM,0.222499952,MITOCHONDRION,0.3543743677437305
Q5MNZ9-2,CYTOSOL,0.28329535699999997,PEROXISOME,0.2287167627364397
Q8N9B5-2,ER,0.315626405,PEROXISOME,0.28032591938972473
Q6ZUT9,ER,0.270324395,PEROXISOME,0.21662151627242565
Q6NY19-2,NUCLEUS/CHROMATIN,0.31058543899999996,PM,0.3512369375675917
Q3SYG4-2,NUCLEUS/CHROMATIN,0.65099577,RIBOSOME,0.33523254469037056
Q92902-2,CYTOSOL,0.347106463,PROTEASOME,0.2804445894435048
Q8IY21,NUCLEUS/CHROMATIN,0.864314061,RIBOSOME,0.4650328904390335
P55061,ER,0.518101227,PM,0.483631482347846
Q5D862,NUCLEUS/CHROMATIN,0.23429821399999998,MITOCHONDRION,0.4831158295273781
Q96MC6,ER,0.329560216,GA,0.6239126622676849
Q70EK8,RIBOSOME,0.41668423,NUCLEUS/CHROMATIN,0.6020492613315582
Q9BXT2,PM,0.305281044,MITOCHONDRION,0.2314725369215012
Q2KHM9,ER,0.34413514,RIBOSOME,0.5378419160842896
Q6NSI4,RIBOSOME,0.500044542,NUCLEUS/CHROMATIN,0.8587298095226288
Q6PKC3-2,ER,0.455389881,PEROXISOME,0.3517644442617893
A7KAX9,CYTOSOL,0.21603924600000002,PROTEASOME,0.16407966427505016
Q8TES7,NUCLEUS/CHROMATIN,0.269147656,LYSOSOME,0.2860818020999432
O95427,ER,0.70801234,PEROXISOME,0.4628691449761391
P08123,ER,0.396373715,PEROXISOME,0.5346614830195904
Q6PID6,CYTOSOL,0.793682854,PROTEASOME,0.5355718282517046
Q4ADV7-3,CYTOSOL,0.298881206,MITOCHONDRION,0.32888150960206985
Q5THJ4-2,PM,0.231671028,RIBOSOME,0.4462822526693344
Q99550-2,NUCLEUS/CHROMATIN,0.519819648,GA,0.3275833074003458
Q9UQ84-4,RIBOSOME,0.8089368920000001,NUCLEUS/CHROMATIN,0.5334422029554844
O43934-2,PM,0.316968009,LYSOSOME,0.7062056064605713
Q9P2H5,NUCLEUS/CHROMATIN,0.322148877,PROTEASOME,0.2719685807824135
Q9UNK9,ER,0.33562120100000004,RIBOSOME,0.3852169401943684
O75385,NUCLEUS/CHROMATIN,0.406127716,RIBOSOME,0.255962397903204
Q9Y6V0-6,RIBOSOME,0.25352981199999997,NUCLEUS/CHROMATIN,0.22360527515411374
Q9NPP4-2,ER,0.47125740899999996,PEROXISOME,0.27263602428138256
P17098,RIBOSOME,0.23813126699999998,NUCLEUS/CHROMATIN,0.7099577784538269
Q7Z7A1-2,NUCLEUS/CHROMATIN,0.33317817899999996,GA,0.3434253297746181
Q9UBU7,NUCLEUS/CHROMATIN,0.583471403,PROTEASOME,0.43087851349264383
Q9UPR0,PM,0.420431888,MITOCHONDRION,0.1610022783279419
Q96NG3,NUCLEUS/CHROMATIN,0.378069673,PROTEASOME,0.2798849679529667
